Conference,Year,Title,Authors,PDF Link,File name,Code,status_code,Data,Comments
WiSec,2013,Who do you sync you are? Smartphone Fingerprinting via Application Behaviour,"Tim Stöber, Mario Frank, Jens Schmitt, Ivan Martinovic",https://dl.acm.org/doi/pdf/10.1145/2462096.2462099,Tim_Stober_2013.pdf,,,,
WiSec,2013,SnapMe if You Can: Privacy Threats of Other Peoples’ Geo-tagged Media and What We Can Do About It,"Benjamin Henne, Christian Szongott, Matthew Smith",https://dl.acm.org/doi/pdf/10.1145/2462096.2462113,Benjamin_Henne_2013.pdf,,,,
WiSec,2013,A Pilot Study on the Security of Pattern Screen-Lock Methods and Soft Side Channel Attacks,"Panagiotis Andriotis, Theo Tryfonas, George Oikonomou",https://dl.acm.org/doi/pdf/10.1145/2462096.2462098,Panagiotis_Andriotis_2013.pdf,,,,
WiSec,2013,Adversarial Testing of Wireless Routing Implementations,"Md. Endadul Hoque, Hyojeong Lee, Rahul Potharaju, Charles E. Killian, Cristina Nita-Rotaru",https://dl.acm.org/doi/pdf/10.1145/2462096.2462120,MdEndadul_Hoque_2013.pdf,,,,
WiSec,2013,Subtle Kinks in Distance-Bounding: An Analysis of Prominent Protocols,"Marc Fischlin, Cristina Onete",https://dl.acm.org/doi/pdf/10.1145/2462096.2462128,Marc_Fischlin_2013.pdf,,,,
WiSec,2013,Counter-Jamming Using Mixed Mechanical and Software Interference Cancellation,"Triet D. Vo-Huu, Erik-Oliver Blass, Guevara Noubir",https://dl.acm.org/doi/pdf/10.1145/2462096.2462103,TrietD_Vo-Huu_2013.pdf,,,,
WiSec,2013,"Efficient, Secure, Private Distance Bounding without Key Updates","Jens Hermans, Roel Peeters, Cristina Onete",https://dl.acm.org/doi/pdf/10.1145/2462096.2462129,Jens_Hermans_2013.pdf,,,,
WiSec,2013,The Weakness of Integrity Protection for LTE,"Teng Wu, Guang Gong",https://dl.acm.org/doi/pdf/10.1145/2462096.2462110,Teng_Wu_2013.pdf,,,,
WiSec,2013,SeDyA: Secure Dynamic Aggregation in VANETs,"Rens W. van der Heijden, Stefan Dietzel, Frank Kargl",https://dl.acm.org/doi/pdf/10.1145/2462096.2462119,RensW_vanderHeijden_2013.pdf,,,,
WiSec,2013,MAST: Triage for Market-scale Mobile Malware Analysis,"Saurabh Chakradeo, Bradley Reaves, Patrick Traynor, William Enck",https://dl.acm.org/doi/pdf/10.1145/2462096.2462100,Saurabh_Chakradeo_2013.pdf,,,,
WiSec,2013,6LowPAN Fragmentation Attacks and Mitigation Mechanisms,"René Hummen, Jens Hiller, Hanno Wirtz, Martin Henze, Hossein Shafagh, Klaus Wehrle",https://dl.acm.org/doi/pdf/10.1145/2462096.2462107,Rene_Hummen_2013.pdf,,,,
WiSec,2013,ASK-BAN: Authenticated Secret Key Extraction Utilizing Channel Characteristics for Body Area Networks,"Lu Shi, Jiawei Yuan, Shucheng Yu, Ming Li",https://dl.acm.org/doi/pdf/10.1145/2462096.2462123,Lu_Shi_2013.pdf,,,,
WiSec,2013,Energy Attacks and Defense Techniques for Wireless Systems,"Sheng Wei, Jong Hoon Ahnn, Miodrag Potkonjak",https://dl.acm.org/doi/pdf/10.1145/2462096.2462127,Sheng_Wei_2023.pdf,,,,
WiSec,2013,Chorus: Scalable In-band Trust Establishment for Multiple Constrained Devices over the Insecure Wireless Channel,"Yantian Hou, Ming Li, Joshua D. Guttman",https://dl.acm.org/doi/pdf/10.1145/2462096.2462124,Yantian_Hou_2013.pdf,,,,
WiSec,2013,Detection of Reactive Jamming in DSSS-based Wireless Networks,"Domenico Giustiniano, Vincent Lenders, Jens B. Schmitt, Michael Spuhler, Matthias Wilhelm",https://dl.acm.org/doi/pdf/10.1145/2462096.2462104,Domenico_Giustiniano_2013.pdf,,,,
WiSec,2013,ETA: Efficient and Tiny and Authentication for Heterogeneous Wireless Systems,Attila Altay Yavuz,https://dl.acm.org/doi/pdf/10.1145/2462096.2462108,Attila_Yavuz_2013.pdf,,,,
WiSec,2013,Private Proximity Testing with an Untrusted Server,"Gokay Saldamli, Richard Chow, Hongxia Jin, Bart Knijnenburg",https://dl.acm.org/doi/pdf/10.1145/2462096.2462115,Gokay_Saldamli_2013.pdf,,,,
WiSec,2013,Countermeasures against Sybil Attacks in WSN based on Proofs-of-Work,"Marek Klonowski, MichałKoza",https://dl.acm.org/doi/pdf/10.1145/2462096.2462125,Marek_Klonowski_2013.pdf,,,,
WiSec,2013,Entropy Harvesting from Physical Sensors,"Christine Hennebert, Hicham Hossayni, Cedric Lauradoux",https://dl.acm.org/doi/pdf/10.1145/2462096.2462122,Christine_Hennebert_2013.pdf,,,,
WiSec,2013,GPS+: A Back-end Coupons Identification for Low-cost RFID,"Ethmane El Moustaine, Maryline Laurent",https://dl.acm.org/doi/pdf/10.1145/2462096.2462109,Ethmane_Moustaine_2013.pdf,,,,
WiSec,2013,Tap-Wave-Rub: Lightweight Malware Prevention for Smartphones using Intuitive Human Gestures,"Haoyu Li, Di Ma, Nitesh Saxena, Babins Shrestha, Yan Zhu",https://dl.acm.org/doi/pdf/10.1145/2462096.2462101,Haoyu_Li_2013.pdf,,,,
WiSec,2013,Differential Privacy in Intelligent Transportation Systems,"Frank Kargl, Arik Friedman, Roksana Borelli",https://dl.acm.org/doi/pdf/10.1145/2462096.2462114,Frank_Kargl_2013.pdf,,,,
WiSec,2013,Securing the IP-based Internet of Things with HIP and DTLS,"Oscar Garcia-Morchon, Sye-Loong Keoh, Sandeep S. Kumar, Pedro Moreno-Sanchez, Francisco Vidal-Meca, Jan Henrik Ziegeldorf",https://dl.acm.org/doi/pdf/10.1145/2462096.2462117,Oscar_Garcia-Morchon_2013.pdf,,,,
WiSec,2013,Revisiting Lightweight Authentication Protocols based on Hard Learning Problems,"Panagiotis Rizomiliotis, Stefanos Gritzalis",https://dl.acm.org/doi/pdf/10.1145/2462096.2462118,Panagiotis_Rizomiliotis_2013.pdf,,,,
WiSec,2013,Selfish Manipulation of Cooperative Cellular Communications via Channel Fabrication,"Shrikant Adhikarla, Min Suk Kang, Patrick Tague",https://dl.acm.org/doi/pdf/10.1145/2462096.2462105,Shrikant_Adhikarla_2013.pdf,,,,
WiSec,2013,Perfect Contextual Information Privacy in WSNs under Colluding Eavesdroppers,"Alejandro Proano, Loukas Lazos",https://dl.acm.org/doi/pdf/10.1145/2462096.2462112,Alejandro_Proano_2013.pdf,,,,
WiSec,2014,Baton: certificate agility for android's decentralized signing infrastructure,"David Barrera, Daniel McCarney, Jeremy Clark, Paul C. van Oorschot",https://dl.acm.org/doi/pdf/10.1145/2627393.2627397,David_Barrera_2014.pdf,,,,
WiSec,2014,ViewDroid: towards obfuscation-resilient mobile application repackaging detection,"Fangfang Zhang, Heqing Huang, Sencun Zhu, Dinghao Wu, Peng Liu",https://dl.acm.org/doi/pdf/10.1145/2627393.2627395,Fangfang_Zhang_2014.pdf,,,,
WiSec,2014,Violating Location Privacy Through Walls by Passive Monitoring of Radio Windows,"Arijit Banerjee, Dustin Mass, Maurizio Bocca",https://dl.acm.org/doi/pdf/10.1145/2627393.2627418,Arjit_Banerjee_2014.pdf,,,,
WiSec,2014,Privacy-Preserving Location-Sharing-Based Services,"Michael Herrmann, Alfredo Rial, Claudia Diaz, Bart Preneel",https://dl.acm.org/doi/pdf/10.1145/2627393.2627414,Micheal_Herrmann_2014.pdf,,,,
WiSec,2014,Gaining Insight on Friendly Jamming in a Real-World IEEE 802.11 Network,"Daniel S. Berger, Francesco Gringoli, Nicolò Facchi, Ivan Martinovic, Jens Schmitt",https://users.ox.ac.uk/~coml0434/wisec2014.pdf,Daniel_Berger_2014.pdf,http://netweb.ing.unibs.it/openfwwf/,200,,
WiSec,2014,Power Napping with Loud Neighbors: Optimal Energy-Constrained Jamming and Anti-Jamming,"Bruce DeBruhl, Christian Kroer, Anupam Datta, Tuomas Sandholm, Patrick Tague",https://www.cs.cmu.edu/~sandholm/power_napping-WiSec14.pdf,Bruce_DeBruhl_2014.pdf,,,,
WiSec,2014,Friendly CryptoJam: A Mechanism for Securing Physical-Layer Attributes,"Hanif Rahbari, Marwan Krunz",https://www.rit.edu/wisplab/sites/rit.edu.wisplab/files/2023-06/2627393.2627415.pdf,Hanif_Rahbari_2014.pdf,,,,
WiSec,2014,Duet: Library Integrity Verification for Android Applications,"Wenhui Hu, Damien Octeau, Patrick Drew McDaniel, Peng Liu",https://dl.acm.org/doi/pdf/10.1145/2627393.2627404,Wenhui_Hu_2014.pdf,https://github.com/uvm-plaid/duet-sgx/tree/master/docs,200,,
WiSec,2014,GroupTie: Toward Hidden Collusion Group Discovery in App Stores,"Zhen Xie, Sencun Zhu",https://dl.acm.org/doi/pdf/10.1145/2627393.2627409,Zhen_Xie_2014.pdf,,,,
WiSec,2014,NativeGuard: Protecting Android Applications from Third-Party Native Libraries,"Mengtao Sun, Gang Tan",https://dl.acm.org/doi/pdf/10.1145/2627393.2627396,Mengtao_Sun_2014.pdf,https://github.com/aimardcr/AndroidNativeGuard,200,,
WiSec,2014,Single-stroke Language-Agnostic Keylogging using Stereo-Microphones and Domain Specific Machine Learning,"Sashank Narain, Amirali Sanatinia, Guevara Noubir",https://dl.acm.org/doi/pdf/10.1145/2627393.2627417,Sashank_Narain_2014.pdf,,,,
WiSec,2014,Enabling BYOD through secure meta-market,"Alessandro Armando, Gabriele Costa, Alessio Merlo, Luca Verderame",https://dl.acm.org/doi/pdf/10.1145/2627393.2627410,Alessandro_Armando_2014.pdf,http://www.ai-lab.it/byodroid/,404,,
WiSec,2014,SPPEAR: Security & Privacy-Preserving Architecture for Mobile Crowd-Sensing Applications,"Stylianos Gisdakis,Thanassis Giannetsos,Panos Papadimitratos",https://dl.acm.org/doi/pdf/10.1145/2627393.2627402,Stylianos_Gisdakis_2014.pdf,,,,
WiSec,2014,Short Paper: Detection of GPS Spoofing Attacks in Power Grids,"Der-Yeuan Yu, Aanjhan Ranganathan, Thomas Locher, Srdjan Capkun, David Basin",https://aanjhan.com/assets/yu-gpsspoofing-wisec14.pdf,Der-Yeuan_Yu_2014.pdf,,,,
WiSec,2014,Short Paper: Attacking and Defending Lightweight PHY Security Schemes for Wireless Communications,"Nicholas Kolokotronis, Alexandros Katsiotis, Nicholas Kalouptsidis",https://dl.acm.org/doi/pdf/10.1145/2627393.2627413,Nicholas_Kolokotronis_2014.pdf,,,,
WiSec,2014,"Short paper: ""Here I am, now pay me!'': privacy concerns in incentivised location-sharing systems","Luke Hutton,Tristan Henderson,Apu Kapadia",https://dl.acm.org/doi/pdf/10.1145/2627393.2627416,Luke_Hutton_2014.pdf,,,,
WiSec,2014,NativeWrap: Ad Hoc Smartphone Application Creation for End Users,"Adwait Nadkarni, Vasant Tendulkar, William Enck",https://enck.org/pubs/nadkarni-wisec14.pdf,Adwait_Nadkarni_2014.pdf,,,,
WiSec,2014,Short Paper: Gathering Tamper-Evidence in Wi-Fi Networks Based on Channel State Information,"Ibrahim Ethem Bagci, Utz Roedig, Matthias Schulz, Matthias Hollick",https://dl.acm.org/doi/pdf/10.1145/2627393.2627405,Ibrahim_Bagci_2014.pdf,,,,
WiSec,2014,Short Paper: Exploiting WPA2-Enterprise Vendor Implementation Weaknesses through Challenge Response Oracles,"Pieter Robyns, Bram Bonné, Peter Quax, Wim Lamotte",https://dl.acm.org/doi/pdf/10.1145/2627393.2627411,Pieter_Robyns_2014.pdf,,,,
WiSec,2014,Short Paper: Extrapolation and Prediction of User Behaviour from Wireless Home Automation Communication,"Frederik Möllers, Sebastian Seitz, Andreas Hellmann, Christoph Sorge",https://dl.acm.org/doi/pdf/10.1145/2627393.2627407,Federik_Möllers_2014.pdf,,,,
WiSec,2014,Short Paper: CHIPS: Content-based Heuristics for Improving Photo Privacy for Smartphones,"Jiaqi Tan, Utsav Drolia, Rolando Martins, Rajeev Gandhi and Priya Narasimhan",https://dl.acm.org/doi/pdf/10.1145/2627393.2627394,Jiaqi_Tan_2014.pdf,,,,
WiSec,2014,Short Paper: WifiLeaks: Underestimated Privacy Implications of the ACCESS_WIFI_STATE Android Permission,"Jagdish Prasad Achara, Mathieu Cunche, Vincent Roca, Aurélien Francillon",https://www.s3.eurecom.fr/docs/wisec14_Achara.pdf,Jagdish_Achara_2014.pdf,,,,
WiSec,2014,Short Paper: MVSec: Secure and Easy-to-Use Pairing of Mobile Devices with Vehicles,"Jun Han, Yue-Hsun Lin, Adrian Perrig and Fan Bai",https://dl.acm.org/doi/pdf/10.1145/2627393.2627400,Jun_Han_2014.pdf,,,,
WiSec,2014,"Short Paper: A dangerous “pyrotechnic composition”: fireworks, embedded wireless and insecurity-by-design","Andrei Costin, Aurélien Francillon",https://dl.acm.org/doi/pdf/10.1145/2627393.2627401,Andrei_Costin_2014.pdf,,,,
WiSec,2014,"Short Paper: Speaking the Local Dialect: Exploiting differences between IEEE 802.15.4 Receivers with Commodity Radios for fingerprinting, targeted attacks, and WIDS evasion","Ira Ray Jenkins, Rebecca Shapiro, Sergey Bratus, Travis Goodspeed, Ryan Speers",https://dl.acm.org/doi/pdf/10.1145/2627393.2627408,Ira_Jenkins_2014.pdf,,,,
WiSec,2015,Short: HB+DB Mitigating Man-in-the-Middle Attacks Against HB+ with Distance Bounding,"Elena Pagnin, Anjia Yang, Gerhard Hancke, Aikaterini Mitrokotsa",https://dl.acm.org/doi/pdf/10.1145/2766498.2766516,Elena_Pagnin_2015.pdf,,,,
WiSec,2015,Lockpicking physical layer key exchange: weak adversary models invite the thief,"Daniel Stenimetzer, Matthias Schulz, Matthias Hollick",https://dl.acm.org/doi/pdf/10.1145/2766498.2766514,Daniel_Steinmetzer_2015.pdf,,,,
WiSec,2015,Short: Freedom of Speech: Thwarting Jammers via a Probabilistic Approach,"Gabriele Oligeri, Roberto Di Pietro",https://dl.acm.org/doi/pdf/10.1145/2766498.2766515,Gabriele_Oligeri_2015.pdf,,,,
WiSec,2015,UWB Rapid-Bit-Exchange System for Distance Bounding,"Nils Ole Tippenhauer, Heinrich Luecken, Marc Kuhn,Srdjan Capkun",https://dl.acm.org/doi/pdf/10.1145/2766498.2766504,Heinrich_Luecken_2015.pdf,,,,
WiSec,2015,DroidJust: Automated Functionality-Aware Privacy Leakage Analysis for Android Applications,"Xin Chen, Sencun Zhu",https://dl.acm.org/doi/pdf/10.1145/2766498.2766507,Xin_Chen_2015.pdf,,,,
WiSec,2015,"Short: CICC: A Fine-Grained, Semantic-Aware, and Transparent Approach to Preventing Permission Leaks for Android Permission Managers","Daibin Wang, Haixia Yao, Yingjiu Li, Hai Jin, Deqing Zou, Robert H. Deng",https://dl.acm.org/doi/pdf/10.1145/2766498.2766518,Daibin_Wang_2015.pdf,,,,
WiSec,2015,Short: A Measurement Study of Tracking in Paid Mobile Applications,"Suranga Seneviratne, Harini Kolamunna, Aruna Seneviratne",https://dl.acm.org/doi/pdf/10.1145/2766498.2766523,Suranga_Seneviratne_2015.pdf,"http://ibotpeaches.github.io/Apktool/, https://github.com/iBotPeaches/Apktool/tree/master/.github/assets/sponsors",,,
WiSec,2015,Short: How Talkative is your Mobile Device? An Experimental Study of Wi-Fi Probe Requests,Julien Freudiger,https://dl.acm.org/doi/pdf/10.1145/2766498.2766517,Julien_Freudiger_2015.pdf,,,,
WiSec,2015,DroidEagle: Seamless Detection of Visually Similar Android Apps,"Mingshen Sun, Mengmeng Li, John C.S. Lui",https://dl.acm.org/doi/pdf/10.1145/2766498.2766508,Mingshen_Sun_2015.pdf,http://www.droideagle.com/2015/12/AndroidPhone-as-Mic.html,403,,
WiSec,2015,AppWatcher: Unveiling the Underground Market of Trading Mobile App Reviews,"Zhen Xie, Sencun Zhu",https://dl.acm.org/doi/pdf/10.1145/2766498.2766510,Zhen_Xie_2015.pdf,,,,
WiSec,2015,"Securacy: An Empirical Investigation of Android Applications’ Network Usage, Privacy and Security","Janne Lindqvist, Denzil Ferreira, Vassilis Kostakos, Alastair R. Beresford, Anind K. Dey",https://dl.acm.org/doi/pdf/10.1145/2766498.2766506,Janne_Lindqvist_2015.pdf,http://comag.oulu.fi/securacy-understanding-mobile-privacy-and-security-concerns/,404,,
WiSec,2015,Short: Security and System Architecture: Comparison of Android Customizations,"Roberto Gallo, Patricia Hongo, Ricardo Dahab, Luiz C. Navarro, Henrique Kawakami, Kaio Galvão, Glauber Junqueira, Luander Ribeiro",https://dl.acm.org/doi/pdf/10.1145/2766498.2766519,Roberto_Gallo_2015.pdf,,,,
WiSec,2015,Injection Attacks on 802.11n MAC Frame Aggregation,"Pieter Robyns, Peter Quax, Wim Lamotte",https://dl.acm.org/doi/pdf/10.1145/2766498.2766513,Pieter_Robyns_2015.pdf,,,,
WiSec,2015,A Practical Investigation of Identity Theft Vulnerabilities in Eduroam,"Sebastian Brenza, Andre Pawlowski, Christina Pöpper",https://dl.acm.org/doi/pdf/10.1145/2766498.2766512,Sebastian_Brenza_2015.pdf,,,,
WiSec,2015,Short: Danger is My Middle Name – Experimenting with SSL Vulnerabilities in Android Apps,"Lucky Onwuzurike, Emiliano De Cristofaro",https://dl.acm.org/doi/pdf/10.1145/2766498.2766522,Lucky_Onwuzurike_2015.pdf,,,,
WiSec,2015,SHIELD: A Data Verification Framework for Participatory Sensing Systems,"Stylianos Gisdakis, Thanassis Giannetsos, Panos Papadimitratos",https://dl.acm.org/doi/pdf/10.1145/2766498.2766503,Stylianos_Gisdakis_2015.pdf,,,,
WiSec,2015,Liveness Verifications for Citizen Journalism Videos,"Mahmudur Rahman, Mozhgan Azimpourkivi, Umut Topkara",https://dl.acm.org/doi/pdf/10.1145/2766498.2766502,Mahmudur_Rahman_2015.pdf,,,,
WiSec,2015,How Far Removed Are You? Scalable Privacy-Preserving Estimation of Social Path Length with Social PaL,"Marcin Nagy, Thanh Bui, Emiliano De Cristofaro, N. Asokan, Jörg Ott, Ahmad-Reza Sadeghi",https://dl.acm.org/doi/pdf/10.1145/2766498.2766501,Marcin_Nagy_2015.pdf,http://goo.gl/FXspKw,,,
WiSec,2015,Is your commute driving you crazy?: a study of misbehavior in vehicular platoons,"Bruce DeBruhl, Sean Weerakkody, Bruno Sinopoli, Patrick Tague",https://dl.acm.org/doi/pdf/10.1145/2766498.2766505,Bruce_DeBruhl_2015.pdf,,,,
WiSec,2015,Short: A Framework for Evaluating Pseudonym Strategies in Vehicular Ad-Hoc Networks,"Frank Kargl, David Förster, Hans Löhr",https://dl.acm.org/doi/pdf/10.1145/2766498.2766520,Frank_Kargl_2015.pdf,,,,
WiSec,2015,Short: Device-to-Identity Linking Attack Using Targeted Wi-Fi Geolocation Spoofing,"Mathieu Cunche, Jagdish Prasad Achara, Célestin Matte",https://dl.acm.org/doi/pdf/10.1145/2766498.2766521,Mathieu_Cunche_2015.pdf,https://github.com/Perdu/geoloc_attack,200,,
WiSec,2015,CAPS: Context-Aware Privacy Scheme for VANET Safety Applications,"Karim Emara, Wolfgang Woerndl, Johann Schlichter",https://dl.acm.org/doi/pdf/10.1145/2766498.2766500,Karim_Emara_2015.pdf,,,,
WiSec,2015,Harvesting Developer Credentials in Android Apps,"Yajin Zhou, Lei Wu, Zhi Wang, Xuxian Jiang",https://dl.acm.org/doi/pdf/10.1145/2766498.2766499,Yajin_Zhou_2015.pdf,,,,
WiSec,2015,TextLogger: inferring longer inputs on touch screen using motion sensors,"Dan Ping, Xin Sun, Bing Mao",https://dl.acm.org/doi/pdf/10.1145/2766498.2766511,Dan_Ping_2015.pdf,,,,
WiSec,2015,WeChecker: Efficient and Precise Detection of Privilege Escalation Vulnerabilities in Android apps,"Xingmin Cui, Jingxuan Wang, Lucas C.K. Hui, Zhongwei Xie, Tian Zeng, S.M. Yiu",https://dl.acm.org/doi/pdf/10.1145/2766498.2766509,Xingmin_Cui_2015.pdf,,,,
WiSec,2016,Secure Motion Verification using the Doppler Effect,"Matthias Schäfer, Patrick Leu, Vincent Lenders, Jens B. Schmitt",https://dl.acm.org/doi/pdf/10.1145/2939918.2939920,Matthias_Schafer_2016.pdf,,,,
WiSec,2016,Fingerprinting WiFi Devices using Software Defined Radios,"Tien D. Vo-Huu, Triet D. Vo-Huu, Guevara Noubir",https://dl.acm.org/doi/pdf/10.1145/2939918.2939936,Tien_Vo-Huu_2016.pdf,,,,
WiSec,2016,Dissecting Customized Protocols: Automatic Analysis for Customized Protocols based on IEEE 802.15.4,"Kibum Choi,Yunmok Son,Juhwan Noh,Hocheol Shin,Jaeyeong Choi,Yongdae Kim",https://dl.acm.org/doi/pdf/10.1145/2939918.2939921,Kibum_Choi_2016.pdf,,,,
WiSec,2016,Exploiting Data-Usage Statistics for Website Fingerprinting Attacks on Android,"Raphael Spreitzer, Simone Griesmayr, Thomas Korak, Stefan Mangard",https://dl.acm.org/doi/pdf/10.1145/2939918.2939922,Raphael_Spreitzer_2016.pdf,,,,
WiSec,2016,Constructive and Destructive Aspects of Adaptive Wormholes for the 5G Tactile Internet,"Christian Zenger, Jan Zimmer, Mario Pietersz, Benedikt Driessen, Christof Paar",https://dl.acm.org/doi/pdf/10.1145/2939918.2939923,Christian_Zenger_2016.pdf,,,,
WiSec,2016,Slogger: Smashing Motion-based Touchstroke Logging with Transparent System Noise,"Prakash Shrestha, Manar Mohamed, Nitesh Saxena",https://dl.acm.org/doi/pdf/10.1145/2939918.2939924,Prakash_Shrestha_2016.pdf,,,,
WiSec,2016,"Don’t Touch that Column: Portable, Fine-Grained Access Control for Android’s Native Content Providers","Aisha Ali-Gombe, Golden G. Richard III, Irfan Ahmed, Vassil Roussev",https://dl.acm.org/doi/pdf/10.1145/2939918.2939927,Aisha_Ali-Gombe_2016.pdf,,,,
WiSec,2016,More Semantics More Robust: Improving Android Malware Classifiers,"Wei Chen, David Aspinall, Andrew D. Gordon, Charles Sutton, Igor Muttik",https://groups.inf.ed.ac.uk/security/appguarden/papers/WiSec16.pdf,Wei_Chen_2016.pdf,,,,
WiSec,2016,Shatter: Using Threshold Cryptography to Protect Single Users with Multiple Devices,"Erinn Atwater, Urs Hengartner",https://dl.acm.org/doi/pdf/10.1145/2939918.2939932,Erinn_Atwater_2016.pdf,https://crysp.uwaterloo.ca/software/shatter/,200,,
WiSec,2016,Profiling the Strength of Physical-Layer Security: A Study in Orthogonal Blinding,"Yao Zheng, Matthias Schulz, Wenjng Lou, Y. Thomas Hou, Matthias Hollick",https://dl.acm.org/doi/pdf/10.1145/2939918.2939933,Yao_Zheng_2016.pdf,,,,
WiSec,2016,Interleaving Jamming in Wi-Fi Networks,"Triet D. Vo-Huu, Tien D. Vo-Huu, Guevara Noubir",https://dl.acm.org/doi/pdf/10.1145/2939918.2939935,Triet_Vo-Huu_2016.pdf,,,,
WiSec,2016,DARPA: Device Attestation Resilient to Physical Attacks,"Ahmad Ibrahim, Ahmad-Reza Sadeghi, Gene Tsudik, Shaza Zeitouni",https://dl.acm.org/doi/pdf/10.1145/2939918.2939938,Ahmad_Ibrahim_2016.pdf,,,,
WiSec,2016,A Prover-Anonymous and Terrorist-Fraud Resistant Distance Bounding Protocol,"Xavier Bultel, Sebastien Gambs, David Gerault, Pascal Lafourcade, Cristina Onete, Jean-Marc Robert",https://dl.acm.org/doi/pdf/10.1145/2939918.2939919,Xavier_Bultel_2016.pdf,,,,
WiSec,2016,Smart-Phones Attacking Smart-Homes,"Vijay Sivaraman, Dominic Chan, Dylan Earl, Roksana Boreli",https://dl.acm.org/doi/pdf/10.1145/2939918.2939925,Vijay_Sivaraman_2016.pdf,,,,
WiSec,2016,Evading Android Runtime Analysis Through Detecting Programmed Interactions,"Wenrui Diao, Xiangyu Liu, Zhou Li, Kehuan Zhang",https://dl.acm.org/doi/pdf/10.1145/2939918.2939926,Wenrui_Diao_2016.pdf,,,,
WiSec,2016,"Trust The Wire, They Always Told Me! On Practical Non-Destructive Wire-Tap Attacks Against Ethernet","Matthias Schulz, Patrick Klapper, Erik Tews, Matthias Hollick, Stefan Katzenbeisser",https://dl.acm.org/doi/pdf/10.1145/2939918.2940650,Matthias_Schulz_2016.pdf,,,,
WiSec,2016,Can Android Applications Be Identified Using Only TCP/IP Headers of Their Launch Time Traffic?,"Hasan Faik Alan, Jasleen Kaur",https://dl.acm.org/doi/pdf/10.1145/2939918.2939929,Hasan_Alan_2016.pdf,,,,
WiSec,2016,Defeating MAC Address Randomization Through Timing Attacks,"Matte Célestin, Cunche Mathieu, Rousseau Franck, Mathy Vanhoef",https://dl.acm.org/doi/pdf/10.1145/2939918.2939930,Celestin_Matte_2016.pdf,,,,
WiSec,2016,Vibreaker: Securing Vibrational Pairing with Deliberate Acoustic Noise,"S Abhishek Anand, Nitesh Saxena",https://dl.acm.org/doi/pdf/10.1145/2939918.2939934,Abhishek_Anand_2016.pdf,,,,
WiSec,2016,Detecting SMS Spam in the Age of Legitimate Bulk Messaging,"Bradley Reaves, Dave Tian, Logan Blue, Patrick Traynor, Kevin R. B. Butler",https://cise.ufl.edu/~butler/pubs/wisec16.pdf,Bradley_Reaves_2016.pdf,,,,
WiSec,2017,Towards Continuous and Passive Identification Across Mobile Devices: An Empirical Study,"Xiao Wang, Tong Yu, Ole Megshoel, Patrick Tague",https://mews.sv.cmu.edu/papers/wisec-17.pdf,Xiao_Wang_2017.pdf,,,,
WiSec,2017,Geosocial Query with User-Controlled Privacy,"Peizhao Hu, Sherman S.M. Chow, Asma Aloufi",https://dl.acm.org/doi/pdf/10.1145/3098243.3098245,Peizhao_Hu_2017.pdf,,,,
WiSec,2017,Using Hover to Compromise the Confidentiality of User Input on Android,"Enis Ulqinaku, Luka Malisa, Julinda Stefa, Alessandro Mei, Srdjan Čapkun",https://dl.acm.org/doi/pdf/10.1145/3098243.3098246,Enis_Ulqinaku_2017.pdf,,,,
WiSec,2017,UiRef: Analysis of Sensitive User Inputs in Android Applications,"Benjamin Andow, Akhil Acharya, Dengfeng Li, William Enck, Kapil Singh, Tao Xie",https://dl.acm.org/doi/pdf/10.1145/3098243.3098247,Benjamin_Andow_2017.pdf,,,,
WiSec,2017,Trashing IMSI Catchers in Mobile Networks,"Mohammed Shafiul Alam Khan, Chris J. Mitchell",https://dl.acm.org/doi/pdf/10.1145/3098243.3098248,Mohammed_Khan_2017.pdf,https://wisecdata.ccs.neu.edu/vms/2017/6_khan.zip,,,
WiSec,2017,Unity is strength! Combining Attestation and Measurements Inspection to handle Malicious Data Injections in Wireless Sensor Networks,"Vittorio P. Illiano, Rodrigo V. Steiner, Emil C. Lupu",https://dl.acm.org/doi/pdf/10.1145/3098243.3098249,Vittorio_Illiano_2017.pdf,https://pure.royalholloway.ac.uk/portal/ files/28145762/ProVerif Model.zip,404,,
WiSec,2017,An Autonomic and Permissionless Android Covert Channel,"Kenneth Block, Sashank Narain, Guevara Noubir",https://dl.acm.org/doi/pdf/10.1145/3098243.3098250,Kenneth_Block_2017.pdf,https://wisecdata.ccs.neu.edu/vms/2017/5_block.ova,,,
WiSec,2017,HanFence: SDN-driven protection of smart home WiFi devices from malicious mobile apps.,"Soteris Demetrioiu, Nan Zhang, Yeonjoon Lee, XiaoFeng Wang, Carl A. Gunter, Ziaoyong Zhou, Micahel Grace",http://seclab.illinois.edu/wp-content/uploads/2017/08/demetriou2017hanguard.pdf,Soteris_Demetriou_2017.pdf,,,,
WiSec,2017,ESIoT: Enabling Secure Management of the Internet of Things,"Jun Young Kim, Wen Hu, Dilip Sarkar, Sanjay Jha",https://dl.acm.org/doi/pdf/10.1145/3098243.3098252,Jun_Kim_2017.pdf,,,,
WiSec,2017,Massive Reactive Smartphone-Based Jamming using Arbitrary Waveforms and Adaptive Power Control,"Matthias Schulz, Francesco Gringoli, Daniel Steinmetzer, Michael Koch, Matthias Hollick",https://dl.acm.org/doi/pdf/10.1145/3098243.3098253,Matthias_Schulz_2017.pdf,https://github.com/seemoo-lab/wisec2017_nexmon_jammer,200,,
WiSec,2017,Insecure to the Touch: Attacking ZigBee 3.0 via Touchlink Commissioning,"Philipp Morgner, Stephan Mattejat, Zinaida Benenson, Christian Mu ̈ller, Frederik Armknecht",https://dl.acm.org/doi/pdf/10.1145/3098243.3098254,Philipp_Morgner_2017.pdf,https://github.com/IoTsec/Z3sec,200,,
WiSec,2017,SCAPI: A Scalable Attestation Protocol to Detect Software and Physical Attacks,"Florian Kohnhäuser, Niklas Büscher, Sebastian Gabmeyer, Stefan Katzenbeisser",https://dl.acm.org/doi/pdf/10.1145/3098243.3098255,Florian_Kohnhauser_2017.pdf,,,,
WiSec,2017,Coresident Evil: Noisy Vibrational Pairing in the Face of Co-located Acoustic Eavesdropping,"S. Abhishek Anand, Nitesh Saxena",https://dl.acm.org/doi/pdf/10.1145/3098243.3098256,Abhishek_Anand_2017.pdf,,,,
WiSec,2017,Binary Hash Tree based Certificate Access Management for Connected Vehicles,"Virendra Kumar, Jonathan Petit, William Whyte",https://dl.acm.org/doi/pdf/10.1145/3098243.3098257,Virenda_Kumar_2017.pdf,https://wisecdata.ccs.neu.edu/vms/2017/1_kumar.zip,,,
WiSec,2017,Anonymous Attestations Made Practical,"Amira Barki, Nicolas Desmoulins, Sa ̈ıd Gharout, Jacques Traore ́",https://dl.acm.org/doi/pdf/10.1145/3098243.3098258,Amira_Barki_2017.pdf,,,,
WiSec,2017,YELP: Masking Sound-based Opportunistic Attacks in Zero-Effort Deauthentication,"Prakash Shrestha, S Abhishek Anand, Nitesh Saxena",https://dl.acm.org/doi/pdf/10.1145/3098243.3098259,Prakash_Shrestha_2017.pdf,,,,
WiSec,2017,SeED: Secure Non-Interactive Attestation for Embedded Devices,"Ahmad Ibrahim, Ahmad-Reza Sadeghi, Shaza Zeitouni",https://dl.acm.org/doi/pdf/10.1145/3098243.3098260,Ahmad_Ibrahim_2017.pdf,,,,
WiSec,2017,HYDRA: HYbrid Design for Remote Attestation (Using a Formally Verified Microkernel),"Karim Eldefrawy, Norrathep Rattanavipanon, Gene Tsudik",https://dl.acm.org/doi/pdf/10.1145/3098243.3098261,Karim_Eldefrawy_2017.pdf,,,,
WiSec,2017,User Authentication And Identification From User Interface Interactions on Touch-Enabled Devices,"Vaibhav Sharma, Richard Enbody",https://dl.acm.org/doi/pdf/10.1145/3098243.3098262,Vaibhav_Sharma_2017.pdf,https://github.com/vaibhavbsharma/UIGestureCollect,200,,
WiSec,2017,Breaking and Fixing the HB+DB protocol,"Ioana Boureanu, David Gerault, Pascal Lafourcade, Cristina Onete",https://dl.acm.org/doi/pdf/10.1145/3098243.3098263,Iona_Boureanu_2017.pdf,,,,
WiSec,2017,Quantifying the Reflective DDoS Attack Capability of Household IoT Device,"Minzhao Lyu, Daniel Sherratt, Arunan Sivanathan, Hassan Habibi Gharakheili, Adam Radford, Vijay Sivaraman",https://dl.acm.org/doi/pdf/10.1145/3098243.3098264,Minzhao_Lyu_2017.pdf,,,,
WiSec,2017,Power-Positive Networking Using Wireless Charging: Protecting Energy Against Battery Exhaustion Attacks,"Sang-Yoon Chang, Sristi Lakshmi Sravana Kumar, Bao Anh N. Tran, Sreejaya Viswanathan, Younghee Park, Yih-Chun Hu",https://dl.acm.org/doi/pdf/10.1145/3098243.3098265,Sang-Yoon_Chang_2017.pdf,,,,
WiSec,2017,There are Many Apps for That: Quantifying the Availability of Privacy-Preserving Apps,"Vincent F. Taylor, Alastair R. Beresford, Ivan Martinovic",https://ora.ox.ac.uk/objects/uuid:2553b01c-945c-4805-982d-f92a4201a63f/files/m793b67db81874ea02e851754f7768cee,Vincent_Taylor_2017.pdf,,,,
WiSec,2017,Physical-Layer Fingerprinting of LoRa devices using Supervised and Zero-Shot Learning,"Pieter Robyns, Eduard Marin, Wim Lamotte, Peter Quax, Dave Singelee, Bart Preneel",https://dl.acm.org/doi/pdf/10.1145/3098243.3098267,Pieter_Robyns_2017.pdf,"https://github.com/rpp0/gr-lora, https://github.com/rpp0/lora-phy-fingerprinting",,,
WiSec,2017,Resilient Privacy Protection for Location-Based Services Through Decentralization`,"Hongyu Jin, Panos Papadimitratos",https://dl.acm.org/doi/pdf/10.1145/3098243.3098268,Hongyu_Jin_2017.pdf,https://wisecdata.ccs.neu.edu/vms/2017/4_jin.ova,,,
WiSec,2017,Challenges to PHY Anonymity for Wi-Fi,"Peter Iannucci, Hari Balakrishnan",https://dl.acm.org/doi/pdf/10.1145/3098243.3098269,Peter_Iannucci_2017.pdf,,,,
WiSec,2018,Why is My Magnetometer Telling You Where I've Been?: A Mobile Device Permissionless Location Attack,"Kenneth Block, Guevara Noubir ",https://dl.acm.org/doi/pdf/10.1145/3212480.3212502,,https://wisecdata.ccs.neu.edu/vms/2018/WiSec2018-Block_Noubir.ova,,,
WiSec,2018,Passwords in the Air: Harvesting Wi-Fi Credentials from SmartCfg Provisioning,"Changyu Li,Quanpu Cai,Juanru Li,Hui Liu,Yuanyuan Zhang,Dawu Gu,Yu Yu",https://dlnext.acm.org/doi/pdf/10.1145/3212480.3212496,Changyu_Li_2018.pdf,,,,
WiSec,2018,Beam-Stealing: Intercepting the Sector Sweep to Launch Man-in-the-Middle Attacks on Wireless IEEE 802.11ad Networks,"Daniel Steinmetzer, Yimin Yuan, Matthias Hollick",https://dlnext.acm.org/doi/pdf/10.1145/3212480.3212499,Daniel_Steinmetzer_2018.pdf,,,,
WiSec,2018,"I Send, Therefore I Leak: Information Leakage in Low-Power Wide Area Networks","Patrick Leu, Ivan Puddu, Aanjhan Ranganathan, Srdjan Capkun",https://dlnext.acm.org/doi/pdf/10.1145/3212480.3212508,Patrick_Leu_2018.pdf,,,,
WiSec,2018,SRide: A Privacy-Preserving Ridesharing System,"Ulrich Matchi Aïvodji, Kévin Huguenin, Marie-José Huguet, Marc-Olivier Killijian",https://dlnext.acm.org/doi/pdf/10.1145/3212480.3212483,Ulrich_Aïvodji_2018.pdf,https://github.com/CryptoExperts/FV-NFLlib,200,,
WiSec,2018,WADAC: Privacy-Preserving Anomaly Detection and Attack Classification on Wireless Traffic,"Ragav Sridharan, Rajib Ranjan Maiti, Nils Ole Tippenhauer",https://dlnext.acm.org/doi/pdf/10.1145/3212480.3212495,Ragav_Sridharan_2018.pdf,https://github.com/scy-phy/wadac,200,,
WiSec,2018,Tracking Private Browsing Sessions using CPU-based Covert Channels,"Nikolay Matyunin, Nikolaos Athanasios Anagnostopoulos, Spyros Boukoros, Markus Heinrich, André Schaller, Maksim Kolinichenko, Stefan Katzenbeisser",https://dlnext.acm.org/doi/pdf/10.1145/3212480.3212489,Nikolay_Matyunin_2018.pdf,,,,
WiSec,2018,On the Impact of Rogue Base Stations in 4G/LTE Self Organizing Networks,"Altaf Shaik, Ravishankar Borgaonkar, Shinjo Park, Jean-Pierre Seifert",https://dlnext.acm.org/doi/pdf/10.1145/3212480.3212497,Altaf_Shaik_2018.pdf,,,,
WiSec,2018,LTE Misbehavior Detection in Wi-Fi/LTE Coexistence Under the LAA-LTE Standard,"Islam Samy, Loukas Lazos, Yong Xiao, Ming Li, Marwan Krunz",https://dlnext.acm.org/doi/pdf/10.1145/3212480.3212485,Islam_Samy_2018.pdf,,,,
WiSec,2018,Listening Watch: Wearable Two-Factor Authentication using Speech Signals Resilient to Near-Far Attacks,"Prakash Shrestha, Nitesh Saxena",https://dlnext.acm.org/doi/pdf/10.1145/3212480.3212501,Prakash_Shrestha_2018.pdf,,,,
WiSec,2018,Towards Inferring Mechanical Lock Combinations using Wrist-Wearables as a Side-Channel,"Anindya Maiti, Ryan Heard, Mohd Sabra, Murtuza Jadliwala",https://dlnext.acm.org/doi/pdf/10.1145/3212480.3212498,Anindya_Maiti_2018.pdf,"https://wisecdata.ccs.neu.edu/vms/2018/WiSec2018-Maiti_Heard_Sabra_Jadliwala.vhd, https://wisecdata.ccs.neu.edu/vms/2018/WiSec2018-Khodaei_Papadimitratos-README.txt",,,
WiSec,2018,"Hello, Is It Me You're Looking For?: Differentiating Between Human and Electronic Speakers for Voice Interface Security","Logan Blue, Luis Vargas, Patrick Traynor",https://dlnext.acm.org/doi/pdf/10.1145/3212480.3212505,Logan_Blue_2018.pdf,,,,
WiSec,2018,Interference Suppression in Bandwidth Hopping Spread Spectrum Communications,"Domenico Giustiniano, Markus Schalch, Marc Liechti, Vincent Lenders",https://dlnext.acm.org/doi/pdf/10.1145/3212480.3212484,Domenico_Giustiniano_2018.pdf,,,,
WiSec,2018,An Algebraic Quality-Time-Advantage-Based Key Establishment Protocol,"George T. Amariucai, Sanchita Barman, Yong Guan",https://dlnext.acm.org/doi/pdf/10.1145/3212480.3212507,George_Amariucai_2018.pdf,,,,
WiSec,2018,Signal Jamming Attacks Against Communication-Based Train Control: Attack Impact and Countermeasure,"Domenico Giustiniano, Markus Schalch, Marc Liechti, Vincent Lenders",https://dlnext.acm.org/doi/pdf/10.1145/3212480.3212500,Subhash_Lakshminarayana_2018.pdf,,,,
WiSec,2018,"Efficient, Scalable, and Resilient Vehicle-Centric Certificate Revocation List Distribution in VANETs","Mohammad Khodaei, Panos Papadimitratos",https://dlnext.acm.org/doi/pdf/10.1145/3212480.3212481,Mohammad_Khodaei_2018.pdf,"https://wisecdata.ccs.neu.edu/vms/2018/WiSec2018-Khodaei_Papadimitratos.ova, https://wisecdata.ccs.neu.edu/vms/2018/WiSec2018-Khodaei_Papadimitratos-README.txt",,https://github.com/lcodeca/LuSTScenario,
WiSec,2018,Towards Dynamically Monitoring Android Applications on Non-rooted Devices in the Wild,"Xiaoxiao Tang, Yan Lin, Daoyuan Wu, Debin Gao",https://dlnext.acm.org/doi/pdf/10.1145/3212480.3212504,Xiaoxiao_Tang_2018.pdf,,,,
WiSec,2018,SCAnDroid: Automated Side-Channel Analysis of Android APIs,"Raphael Spreitzer, Gerald Palfinger, Stefan Mangard",https://dlnext.acm.org/doi/pdf/10.1145/3212480.3212506,Raphael_Spreitzer_2018.pdf,https://github.com/IAIK/SCAnDroid,200,,
WiSec,2018,Automated Binary Analysis on iOS: A Case Study on Cryptographic Misuse in iOS Applications,"Johannes Feichtner, David Missmann, Raphael Spreitzer",https://dlnext.acm.org/doi/pdf/10.1145/3212480.3212487,Johannes_Feichtner_2018.pdf,https://github.com/IAIK/ios-analysis,200,,
WiSec,2018,Android STAR: An Efficient Interaction-Preserving Record-Replay System For Messenger App Usage Surveillance,"Lunpin Yuan, Peng Liu, Sencun Zhu",https://dlnext.acm.org/doi/pdf/10.1145/3212480.3212503,Lun-Pin_Yuan_2018.pdf,,,,
WiSec,2018,My Magnetometer Is Telling You Where I've Been?: A Mobile Device Permissionless Location Attack,"Kenneth Block, Guevara Noubir",https://dlnext.acm.org/doi/pdf/10.1145/3212480.3212502,Kenneth_Block_2018.pdf,https://github.com/awareframework/com.awareframework.android.sensor.magnetometer,200,,
WiSec,2018,Operating Channel Validation: Preventing Multi-Channel Man-in-the-Middle Attacks Against Protected Wi-Fi Networks,"Mathy Vanhoef, Nehru Bhandaru, Thomas Derham, Ido Ouzieli, Frank Piessens",https://dlnext.acm.org/doi/pdf/10.1145/3212480.3212493,Mathy_Vanhoef_2018.pdf,https://github.com/vanhoefm/hostap-channel-validation,200,,
WiSec,2018,Detecting smartphone state changes through a Bluetooth based timing attack,"Guillaume Celosia, Mathieu Cunche",https://dlnext.acm.org/doi/pdf/10.1145/3212480.3212494,Guillaume_Celosia_2018.pdf,,,,
WiSec,2018,Threat Detection for Collaborative Adaptive Cruise Control in Connected Cars,"Matthew Jagielski, Nicholas Jones, Chung-Wei Lin, Cristina Nita-Rotaru, Shinichi Shiraishi",https://dlnext.acm.org/doi/pdf/10.1145/3212480.3212492,Matthew_Jagielski_2018.pdf,,,,
WiSec,2018,SWARD: A Secure WAke-up RaDio against Denial-of-Service on IoT devices,"Maxime Montoya, Simone Bacles-Min, Anca Molnos, Jacques J.A. Fournier",https://dlnext.acm.org/doi/pdf/10.1145/3212480.3212488,Maxime_Montoya_2018.pdf,,,,
WiSec,2018,Lightweight Message Authentication for Constrained Devices,"Elena Dubrova, Mats Näslund, Göran Selander, Fredrik Lindqvist",https://dlnext.acm.org/doi/pdf/10.1145/3212480.3212482,Elena_Dubrova_2018.pdf,,,,
WiSec,2018,Questioning the security and efficiency of the ESIoT approach,"Aïda Diop, Saïd Gharout, Maryline Laurent, Jean Leneutre, Jacques Traoré",https://dlnext.acm.org/doi/pdf/10.1145/3212480.3212491,Aïda_Diop_2018.pdf,,,,
WiSec,2018,On the Effect of Update Frequency on Geo-Indistinguishability of Mobility Traces,"Ricardo Mendes, João Vilela",https://dlnext.acm.org/doi/pdf/10.1145/3212480.3212490,Ricardo_Mendes_2018.pdf,,,,
WiSec,2019,Insecure Connection Bootstrapping in Cellular Networks: The Root of All Evil,"Syed Rafiul Hussain, Mitziu Echeverria, Ankush Singla, Omar Chowdhury, Elisa Bertino",https://dl.acm.org/doi/pdf/10.1145/3317549.3323402,Syed_Hussain_2019.pdf,,,,
WiSec,2019,Drive Me Not: GPS Spoofing Detection via Cellular Network,"Gabriele Oligeri, Savio Sciancalepore, Omar Adel Ibrahim, Roberto Di Pietro",https://dl.acm.org/doi/pdf/10.1145/3317549.3319719,Gabriele_Oligeri_2019.pdf,,,https://cri-lab.net/drive-me-not/,
WiSec,2019,Digital Radio Signal Cancellation Attacks,"Daniel Moser, Vincent Lenders, Srdjan Capkun",https://dl.acm.org/doi/pdf/10.1145/3317549.3319720,Daniel_Moser_2019.pdf,,,,
WiSec,2019,Protecting Mobile Devices from Physical Memory Attacks with Targeted Encryption,"Le Guan, Chen Cao, Sencun Zhu, Jingqiang Lin, Peng Liu, Yubin Xia, Bo Luo",https://dl.acm.org/doi/pdf/10.1145/3317549.3319721,Le_Guan_2019.pdf,,,,
WiSec,2019,Advancing Remote Attestation via Computer-aided Formal Verification of Designs and Synthesis of Executables,"Karim Eldefrawy, Gene Tsudik",https://dl.acm.org/doi/pdf/10.1145/3317549.3323403,Karim_Eldefrawy_2019.pdf,,,,
WiSec,2019,deWristified: Handwriting Inference Using Wrist-Based Motion Sensors Revisited,"Raveen Wijewickrama, Anindya Maiti, Murtuza Jadliwala",https://dl.acm.org/doi/pdf/10.1145/3317549.3319722,Raveen_Wijewickrama_2019.pdf,https://sprite.utsa.edu/art/dewristified,200,,
WiSec,2019,2FA-PP: 2nd Factor Phishing Prevention,"Enis Ulqinaku, Daniele Lain, Srdjan Capkun",https://dl.acm.org/doi/pdf/10.1145/3317549.3323404,Enis_Ulqinaku_2019.pdf,,,,
WiSec,2019,Crowdsourced measurements for device fingerprinting,"Seth Andrews, Ryan M. Gerdes, Ming Li",https://dl.acm.org/doi/pdf/10.1145/3317549.3323405,Seth_Andrews_2019.pdf,,,,
WiSec,2019,Physical Layer Plausibility Checks for Misbehavior Detection in V2X Networks,"Steven So, Jonathan Petit, David Starobinski",https://dl.acm.org/doi/pdf/10.1145/3317549.3323406,Steven_So_2019.pdf,,,https://github.com/stevenso8/WiSec_DataModifiedVeremi_Dataset,
WiSec,2019,Characterizing Security and Privacy Practices in Emerging Digital Credit Applications,"Jasmine Bowers, Imani N. Sherman, Kevin R. B. Butler, Patrick Traynor",https://dl.acm.org/doi/pdf/10.1145/3317549.3319723,Jasmine_Bowers_2019.pdf,,,,
WiSec,2019,Clicktok: Click Fraud Detection using Traffic Analysis,"Shishir Nagaraja, Ryan Shah",https://dl.acm.org/doi/pdf/10.1145/3317549.3323407,Shishir_Nagaraja_2019.pdf,,,,
WiSec,2019,Indraj: Digital Certificate Enrollment for Battery-powered Wireless Devices,"Zhitao He, Martin Furuhed, Shahid Raza",https://dl.acm.org/doi/pdf/10.1145/3317549.3323408,Zhitao_He_2019.pdf,,,,
WiSec,2019,HomeSnitch: Behavior Transparency and Control for Smart Home IoT Devices,"TJ OConnor, Reham Mohamed, Markus Miettinen, William Enck, Bradley Reaves, Ahmad-Reza Sadeghi",https://dl.acm.org/doi/pdf/10.1145/3317549.3323409,TJ_OConnor_2019.pdf,,,,
WiSec,2019,Blinded and Confused: Uncovering Systemic Flaws in Device Telemetry for Smart-Home Internet of Things,"TJ OConnor, William Enck, Bradley Reaves",https://dl.acm.org/doi/pdf/10.1145/3317549.3319724,William_Enck_2019.pdf,,,,
WiSec,2019,ARF: Identifying Re-Delegation Vulnerabilities in Android System Services,"Sigmund Albert Gorski III, William Enck",https://dl.acm.org/doi/pdf/10.1145/3317549.3319725,Sigmund_Gorski_2019.pdf,,,,
WiSec,2019,Fatal Atraction: Identifying Mobile Devices Through Electromagnetic Emissions,"Beatrice Perez, Mirco Musolesi, Gianluca Stringhini",https://dl.acm.org/doi/pdf/10.1145/3317549.3319726,Beatrice_Perez_2019.pdf,,,,
WiSec,2019,Scaling Pseudonymous Authentication for Large Mobile Systems,"Mohammad Khodaei, Hamid Noroozi, Panos Papadimitratos",https://dl.acm.org/doi/pdf/10.1145/3317549.3323410,Mohammad_Khodaei_2019.pdf,https://wisecdata.ccs.neu.edu/vms/2019/WiSec2019-Khodaei-Noroozi-Papadimitratos.ova,,,
WiSec,2019,Inside Job: Diagnosing Bluetooth Lower Layers Using Off-the-Shelf Devices,"Jiska Classen, Matthias Hollick",https://dl.acm.org/doi/pdf/10.1145/3317549.3319727,Jiska_Classen_2019.pdf,https://wisecdata.ccs.neu.edu/vms/2019/WiSec-2019-Classen-Hollick.zip,,,
WiSec,2019,Deployment Optimization of IoT Devices through Attack Graph Analysis,"Noga Agmon, Asaf Shabtai, Rami Puzis",https://dl.acm.org/doi/pdf/10.1145/3317549.3323411,Noga_Agmon_2019.pdf,,,,
WiSec,2019,Factors Influencing Users to Use Unsecured Wi-Fi Networks: Evidence in the Wild,"Nissy Sombatruang, Lucky Onwuzurike, M. Angela Sasse, Michelle Baddeley",https://dl.acm.org/doi/pdf/10.1145/3317549.3323412,Nissy_Sombatruang_2019.pdf,,,,
WiSec,2019,Hestia: Simple Least Privilege Network Policies for Smart Homes,"Sanket Goutam, William Enck, Bradley Reaves",https://dl.acm.org/doi/pdf/10.1145/3317549.3323413,Sanket_Goutam_2019.pdf,,,,
WiSec,2019,New vulnerabilities in 4G and 5G cellular access network protocols : exposing device capabilities,"Altaf Shaik, Ravishankar Borgaonkar, Shinjo Park, Jean-Pierre Seifert",https://dl.acm.org/doi/pdf/10.1145/3317549.3319728,Altaf_Shaik_2019.pdf,,,,
WiSec,2019,Quantum Distance Bounding,Aysajan Abidin,https://dl.acm.org/doi/pdf/10.1145/3317549.3323414,Aysajan_Abidin_2019.pdf,,,,
WiSec,2019,SurFi: Detecting Surveillance Camera Looping Attacks with Wi-Fi Channel State Information,"Nitya Lakshmanan, Inkyu Bang, Min Suk Kang, Jun Han, Jong Taek Lee",https://dl.acm.org/doi/pdf/10.1145/3317549.3324928,Nitya_Lakshmanan_2019.pdf,,,,
WiSec,2019,Distance Bounding Under Different Assumptions,"David Gerault, Ioana Boureanu",https://dl.acm.org/doi/pdf/10.1145/3317549.3319729,David_Gerault_2019.pdf,,,,
WiSec,2019,Lost Traffic Encryption: Fingerprinting LTE/4G Traffic on Layer Two,"Katharina Kohls, David Rupprecht, Thorsten Holz, Christina Pöpper",https://dl.acm.org/doi/pdf/10.1145/3317549.3323416,Katharina_Kohls_2019.pdf,,,,
WiSec,2019,LTE Security Disabled—Misconfiguration in Commercial Networks,"Merlin Chlosta, David Rupprecht, Thorsten Holz, Christina Pöpper",https://dl.acm.org/doi/pdf/10.1145/3317549.3324927,Merlin_Chlosta_2019.pdf,,,,
WiSec,2019,Thermal Covert Channel in Bluetooth Low Energy Networks,"Timothy Claeys, Franck Rousseau, Boris Simunovic, Bernard Tourancheau",https://dl.acm.org/doi/pdf/10.1145/3317549.3319730,Timothy_Claeys_2019.pdf,,,,
WiSec,2019,Secrets in the Sky: On Privacy and Infrastructure Security in DVB-S Satellite Broadband,"James Pavur, Daniel Moser, Vincent Lenders, Ivan Martinovic",https://dl.acm.org/doi/pdf/10.1145/3317549.3323418,James_Pavur_2019.pdf,,,,
WiSec,2020,Kratos: Multi-User Multi-Device-Aware Access Control System for the Smart Home,"Amit Kumar Sikder, Leonardo Babun, Z. Berkay Celik, Abbas Acar, Hidayet Aksu, Patrick McDaniel, Engin Kirda, A. Selcuk Uluagac",https://dl.acm.org/doi/pdf/10.1145/3395351.3399358,Amit_Sikder_2020.pdf,,,,
WiSec,2020,Hacksaw: Biometric-Free Non-Stop Web Authentication in an Emerging World of Wearables,"Prakash Shrestha, Nitesh Saxena",https://dl.acm.org/doi/pdf/10.1145/3395351.3399366,Prakash_Shrestha_2020.pdf,,,,
WiSec,2020,ivPair: Context-Based Fast Intra-Vehicle Device Pairing for Secure Wireless Connectivity,"Kyuin Lee, Neil Klingensmith, Dong He, Suman Banerjee, Younghyun Kim",https://dl.acm.org/doi/pdf/10.1145/3395351.3399436,Kyuin_Lee_2020.pdf,,,,
WiSec,2020,Acoustic Integrity Codes: Secure Device Pairing Using Short-Range Acoustic Communication,"Florentin Putz, Flor Álvarez, Jiska Classen",https://dl.acm.org/doi/pdf/10.1145/3395351.3399420,Florentin_Putz_2020.pdf,https://github.com/seemoo-lab/aic-prototype,200,,
WiSec,2020,GNSS Spoofing Detection via Opportunistic IRIDIUM Signals,"Gabriele Oligeri, Savio Sciancalepore, Roberto Di Pietro",https://dl.acm.org/doi/pdf/10.1145/3395351.3399350,Gabriele_Oligeri_2020.pdf,,,https://github.com/cri-lab-hbku/iridium,
WiSec,2020,MAVPro: ADS-B Message Verification for Aviation Security with Minimal Numbers of On-Ground Sensors,"Ala’ Darabseh, Hoda AlKhzaimi, Christina Pöpper",https://dl.acm.org/doi/pdf/10.1145/3395351.3399361,Ala_Darabseh_2020.pdf,,,,
WiSec,2020,SVM: Secure Vehicle Motion Verification with a Single Wireless Receiver,"Mingshun Sun, Yanmao Man, Ming Li, Ryan Gerdes",https://dl.acm.org/doi/pdf/10.1145/3395351.3399348,Mingshun_Sun_2020.pdf,,,,
WiSec,2020,Zigator: Analyzing the Security of Zigbee-Enabled Smart Homes,"Dimitrios-Georgios Akestoridis, Madhumitha Harishankar, Michael Weber, Patrick Tague",https://dl.acm.org/doi/pdf/10.1145/3395351.3399363,Dimitrios_Akestoridis_2020.pdf,"https://github.com/akestoridis/zigator, https://github.com/akestoridis/wireshark-zigbee-profile, https://github.com/akestoridis/grc-ieee802154, https://github.com/akestoridis/atusb-attacks",,,
WiSec,2020,Truncate after Preamble: PHY-based Starvation Attacks on IoT Networks,"Stefan Gvozdenovic, Johannes K Becker, John Mikulskis, David Starobinski",https://dl.acm.org/doi/pdf/10.1145/3395351.3399356,Stefan_Gvozdenovic_2020.pdf,,,,
WiSec,2020,Countering Cross-technology Jamming Attack,"Zicheng Chi, Yan Li, Xin Liu, Wei Wang, Yao Yao, Ting Zhu, and Yanchao Zhang",https://dl.acm.org/doi/pdf/10.1145/3395351.3399367,Zicheng_Chi_2020.pdf,,,,
WiSec,2020,MagicPairing: Apple’s Take on Securing Bluetooth Peripherals,"Dennis Heinze, Jiska Classen, Felix Rohrbach",https://dl.acm.org/doi/pdf/10.1145/3395351.3399343,Dennis_Heinze_2020.pdf,https://github.com/seemoo-lab/internalblue/tree/master/examples/magicpairing,200,,
WiSec,2020,BaseSAFE: Baseband SAnitized Fuzzing through Emulation,"Dominik Maier, Lukas Seidel, Shinjo Park",https://dl.acm.org/doi/pdf/10.1145/3395351.3399360,Dominik_Maier_2020.pdf,https://github.com/fgsect/BaseSAFE,200,,
WiSec,2020,Analyzing the Attack Landscape of Zigbee-enabled IoT Systems and Reinstating Users’ Privacy,"Weicheng Wang, Fabrizio Cicala, Syed Rafiul Hussain, Elisa Bertino, Ninghui Li",https://dl.acm.org/doi/pdf/10.1145/3395351.3399349,Weicheng_Wang_2020.pdf,,,,
WiSec,2020,An Empirical Study of Potentially Malicious Third-Party Libraries in Android Apps,"Zicheng Zhang, Wenrui Diao, Chengyu Hu, Shanqing Guo, Chaoshun Zuo, Li Li",https://dl.acm.org/doi/pdf/10.1145/3395351.3399346,Zicheng_Zhang_2020.pdf,,,,
WiSec,2020,Protecting Wi-Fi Beacons from Outsider Forgeries,"Mathy Vanhoef, Prasant Adhikari, Christina Pöpper",https://dl.acm.org/doi/pdf/10.1145/3395351.3399442,Mathy_Vanhoef_2020.pdf,,,,
WiSec,2020,Practical Operation Extraction from Electromagnetic Leakage for Side-Channel Analysis and Reverse Engineering,"Pieter Robyns, Mariano Di Martino, Dennis Giese, Wim Lamotte, Peter Quax, Guevara Noubir",https://dl.acm.org/doi/pdf/10.1145/3395351.3399362,Pieter_Robyns_2020.pdf,https://github.com/rpp0/em-operation-extraction,200,,
WiSec,2020,Secure and User-Friendly Over-the-Air Firmware Distribution in a Portable Faraday Cage,"Martin Striegel, Johann Heyszl, Florian Jakobsmeier, Yacov Matveev, Georg Sigl",https://dl.acm.org/doi/pdf/10.1145/3395351.3399342,Martin_Striegel_2020.pdf,,,,
WiSec,2020,Lost and Found: Stopping Bluetooth Finders from Leaking Private Information,"Mira Weller, Jiska Classen, Fabian Ullrich, Denis Waßmann, Erik Tews",https://dl.acm.org/doi/pdf/10.1145/3395351.3399422,Mira_Weller_2020.pdf,https://github.com/seemoo-lab/privatefind,200,,
WiSec,2020,iRyP: A Purely Edge-based Visual Privacy-Respecting System for Mobile Cameras,"Yuanyi Sun, Shiqing Chen, Sencun Zhu, Yu Chen",https://dl.acm.org/doi/pdf/10.1145/3395351.3399341,Yuanyi_Sun_2020.pdf,,,,
WiSec,2020,"Peek-a-Boo: I see your smart home activities, even encrypted!","Abbas Acar, Hossein Fereidooni, Tigist Abera, Amit Kumar Sikder, Markus Miettinen, Hidayet Aksu1, Mauro Conti, Ahmad-Reza Sadeghi, Selcuk Uluagac",https://dl.acm.org/doi/pdf/10.1145/3395351.3399421,Abbas_Acar_2020.pdf,,,,
WiSec,2020,Process Skew: Fingerprinting the Process for Anomaly Detection in Industrial Control Systems,"Chuadhry Mujeeb Ahmed, Jay Prakash, Rizwan Qadeer, Anand Agrawal, Jianying Zhou",https://dl.acm.org/doi/pdf/10.1145/3395351.3399364,Chuadhry_Ahmed_2020.pdf,,,,
WiSec,2020,BrokenStrokes: On the (in)Security of Wireless Keyboards,"Gabriele Oligeri, Savio Sciancalepore, Simone Raponi, Roberto Di Pietro",https://dl.acm.org/doi/pdf/10.1145/3395351.3399351,Savio_Sciancalepore_2020.pdf,,,https://github.com/cri-lab-hbku/brokenstrokes,
WiSec,2020,Spotr: GPS Spoofing Detection via Device Fingerprinting,"Mahsa Foruhandeh, Abdullah Z. Mohammed, Gregor Kildow, Paul Berges, Ryan Gerdes",https://dl.acm.org/doi/pdf/10.1145/3395351.3399353,Mahsa_Foruhandeh_2020.pdf,"http://wisecdata.ccs.neu.edu/vms/2020/WiSec2020-ForuhandehMKBG.ova, http://wisecdata.ccs.neu.edu/vms/2020/WiSec2020-Readme-ForuhandehMKBG.txt",,https://wisecdata.ccs.neu.edu/vms/2020/,https://data.lib.vt.edu/articles/dataset/SatGrid_Dataset_realtime_genuine_and_spoofing_traces_of_GPS_signals_collected_at_different_geographical_locations_times_and_environmental_conditions/14099450
WiSec,2020,Fingerprinting Encrypted Voice Traffic on Smart Speakers with Deep Learning,"Chenggang Wang, Sean Kennedy, Haipeng Li, King Hudson, Gowtham Atluri, Xuetao Wei, Wenhai Sun, Boyang Wang",https://dl.acm.org/doi/pdf/10.1145/3395351.3399357,Chenggang_Wang_2020.pdf,,,,
WiSec,2020,Protecting Location Privacy from Untrusted Wireless Service Providers,"Keen Sung, Brian Levine, Mariya Zheleva",https://dl.acm.org/doi/pdf/10.1145/3395351.3399369,Keen_Sung_2020.pdf,,,,
WiSec,2020,Valkyrie: A Generic Framework for Verifying Privacy Provisions in Wireless Networks,"Guillaume Celosia, Mathieu Cunche",https://dl.acm.org/doi/pdf/10.1145/3395351.3399340,Guillaume_Celosia_2020.pdf,"https://github.com/gcelosia/valkyrie, https://github.com/celosiag/joker",,,
WiSec,2020,A Plug-n-Play Game Theoretic Framework For Defending Against Radio Window Atacks,"Pruthuvi Maheshakya Wijewardena, Aditya Bhaskara, Sneha Kumar Kasera, Syed Ayaz Mahmud, Neal Patwari",https://dl.acm.org/doi/pdf/10.1145/3395351.3399368,Pruthuvi_Wijewardena_2020.pdf,,,,
WiSec,2020,"Paging Storm Attacks against 4G/LTE Networks from Regional Android Botnets: Rationale, Practicality, and Implications","Kaiming Fang, Guanhua Yan",https://dl.acm.org/doi/pdf/10.1145/3395351.3399347,Kaiming_Fang_2020.pdf,,,,
WiSec,2020,ChirpOTLE: A Framework for Practical LoRaWAN Security Evaluation,"Frank Hessel, Lars Almon, Flor Álvarez",https://dl.acm.org/doi/pdf/10.1145/3395351.3399423,Frank_Hessel_2020.pdf,https://github.com/seemoo-lab/chirpotle,200,,
WiSec,2020,Security in Terahertz WLANs with Leaky Wave Antennas,"Chia-Yi Yeh, Yasaman Ghasempour, Yasith Amarasinghe, Daniel M. Mittleman, Edward W. Knightly",https://dl.acm.org/doi/pdf/10.1145/3395351.3399365,Chia_Yeh_2020.pdf,,,,
WiSec,2021,VoIPLoc: passive VoIP call provenance via acoustic side-channels,"Shishir Nagaraja, Ryan Shah",https://dl.acm.org/doi/pdf/10.1145/3448300.3467816,Shishir_Nagaraja_2021.pdf,,,,
WiSec,2021,Spearphone: A Lightweight Speech Privacy Exploit via Accelerometer-Sensed Reverberations from Smartphone Loudspeakers,"Abhishek Anand, Chen Wang, Jian Liu, Nitesh Saxena, Yingying Chen",https://dl.acm.org/doi/pdf/10.1145/3448300.3468499,Abhishek_Anand_2021.pdf,,,,
WiSec,2021,Remotely Controlling TrustZone Applications? A Study on Securely and Resiliently Receiving Remote Commands,"Shengye Wan, Kun Sun, Ning Zhang, Yue Li",https://dl.acm.org/doi/pdf/10.1145/3448300.3468501,Shengye_Wan_2021.pdf,,,,
WiSec,2021,Z-Fuzzer: Device-agnostic Fuzzing of Zigbee Protocol Implementation,"Mengfei Ren, Xiaolei Ren, Huadong Feng, Jiang Ming, Yu Lei",https://dl.acm.org/doi/pdf/10.1145/3448300.3468296,Mengfei_Ren_2021.pdf,https://github.com/zigbeeprotocol/Z-Fuzzer,200,,
WiSec,2021,SigUnder: a Stealthy 5G Low Power Attack and Defenses,"Norbert Ludant, Guevara Noubir",https://dl.acm.org/doi/pdf/10.1145/3448300.3467817,Norbert_Ludant_2021.pdf,,,,
WiSec,2021,FADIA: FAirness-Driven collaboratIve remote Attestation,"Mohamad Mansouri, Wafa Ben Jaballah, Melek Önen, Md Masoom Rabbani, Mauro Conti",https://dl.acm.org/doi/pdf/10.1145/3448300.3468284,Mohamad_Mansouri_2021.pdf,https://github.com/MohamadMansouri/FADIA,200,,
WiSec,2021,Delegated Attestation: Scalable Remote Attestation of Commodity CPS by Blending Proofs of Execution with Software Attestation,"Mahmoud Ammar, Bruno Crispo, Ivan De Oliveira Nunes, Gene Tsudik",https://dl.acm.org/doi/pdf/10.1145/3448300.3467818,Mahmoud_Ammar_2021.pdf,,,,
WiSec,2021,Anonymous Device Authorization for Cellular Networks,"Abida Haque, Varun Madathil, Bradley Reaves, Alessandra Scafuro",https://dl.acm.org/doi/pdf/10.1145/3448300.3468285,Abida_Haque_2021.pdf,,,,
WiSec,2021,Spectrum-Flexible Secure Broadcast Ranging,"Tien Dang Vo-Huu,Triet Dang Vo-Huu, Guevara Noubir",https://dl.acm.org/doi/pdf/10.1145/3448300.3467819,Tien_Vo-Huu_2021.pdf,,,,
WiSec,2021,Amazon Echo Dot or the Reverberating Secrets of IoT Devices,"Dennis Giese, Guevara Noubir",https://dl.acm.org/doi/pdf/10.1145/3448300.3467820,Dennis_Giese_2021.pdf,,,,
WiSec,2021,Selest: Secure Elevation Estimation of Drones Using MPC,"Marinos Vomvas, Erik-Oliver Blass, Guevara Noubir",https://dl.acm.org/doi/pdf/10.1145/3448300.3468228,Marinos_Vomvas_2021.pdf,https://github.com/Vomvas/Selest,200,,
WiSec,2021,Toward a Secure Crowdsourced Location Tracking System,"Chinmay Garg, Aravind Machiry, Andrea Continella, Christopher Kruegel, Giovanni Vigna",https://dl.acm.org/doi/pdf/10.1145/3448300.3467821,Chinmay_Garg_2021.pdf,https://github.com/ucsb-seclab/SECrow,200,,
WiSec,2021,Let Numbers Tell the Tale: Measuring Security Trends in Wi-Fi Networks and Best Practices,"Domien Schepers, Aanjhan Ranganathan, Mathy Vanhoef",https://dl.acm.org/doi/pdf/10.1145/3448300.3468286,Domien_Schepers_2021.pdf,https://github.com/domienschepers/wifi-surveying,200,https://crawdad.org/,
WiSec,2021,Recurring Verification of Interaction Authenticity Within Bluetooth Networks,"Travis Peters, Timothy J. Pierson, Sougata Sen, José Camacho, David Kotz",https://dl.acm.org/doi/pdf/10.1145/3448300.3468287,Travis_Peters_2021.pdf,"https://github.com/traviswpeters/bluepy, https://github.com/traviswpeters/btsnoop",,,
WiSec,2021,RIP StrandHogg: A Practical StrandHogg Attack Detection Method on Android,"Jasper Stang, Alexandra Dmitrienko, Sascha Roth",https://dl.acm.org/doi/pdf/10.1145/3448300.3468288,Jasper_Stang_2021.pdf,https://github.com/ActivityCounter/StrandHoggAttacks,200,,
WiSec,2021,Happy MitM - Fun and Toys in Every Bluetooth Device,"Jiska Classen, Matthias Hollick",https://dl.acm.org/doi/pdf/10.1145/3448300.3467822,Jiska_Classen_2021.pdf,"https://github.com/seemoo-lab/internalblue/blob/master/doc/keychange.md, https://drive.google.com/drive/folders/1CYG-Mj_K_aIib3ZhjwrmQWamaZn9zWx-",200,,
WiSec,2021,Misactivation Detection and User Identification in Smart Home Speakers using Traffic Flow Features,"Batyr Charyyev, Mehmet Hadi Gunes",https://dl.acm.org/doi/pdf/10.1145/3448300.3468289,Batyr_Charyyev_2021.pdf,,,,
WiSec,2021,Julia: Fast and Secure Key Agreement for IoT Devices,"Frans Lundberg, Juraj Feljan",https://dl.acm.org/doi/pdf/10.1145/3448300.3468116,Frans_Lundberg_2021.pdf,https://github.com/assaabloy-ppi/julia-in-sage/blob/main/julia.ipynb,200,,
WiSec,2021,A Comprehensive Formal Analysis of 5G Handover,"Aleksi Peltonen, Ralf Sasse, David Basin",https://dl.acm.org/doi/pdf/10.1145/3448300.3467823,Aleski_Peltonen_2021.pdf,https://github.com/tamarin-prover/tamarin-prover/tree/develop/examples/wisec21-5G-handover,,,
WiSec,2021,No need to ask the Android: Bluetooth-Low-Energy scanning without the location permission,"Vincent Toubiana, Mathieu Cunche",https://dl.acm.org/doi/pdf/10.1145/3448300.3467824,Vincent_Toubiana_2021.pdf,"https://github.com/vtoubiana/Android-Check-Location-required, ",,,
WiSec,2021,SoK: Assessing the Threat Potential of Vibration-based Attacks against Live Speech using Mobile Sensors,"Payton Walker, Nitesh Saxena",https://dl.acm.org/doi/pdf/10.1145/3448300.3467825,Payton_Walker_2021.pdf,,,,
WiSec,2021,5G SUCI-Catchers: Still catching them all?,"Merlin Chlosta, David Rupprecht, Christina Pöpper, Thorsten Holz",https://dl.acm.org/doi/pdf/10.1145/3448300.3467826,Merlin_Chlosta_2021.pdf,https://github.com/RUB-SysSec/SUCI-artifacts,200,,
WiSec,2021,Orbit-based Authentication Using TDOA Signatures in Satellite Networks,"Eric Jedermann, Martin Strohmeier, Matthias Schäfer, Jens Schmitt, Vincent Lenders",https://dl.acm.org/doi/pdf/10.1145/3448300.3469132,Eric_Jedermann_2021.pdf,https://github.com/ErJedermann/orbitTDOAsignatures,200,,
WiSec,2021,On the Challenges of Automata Reconstruction in LTE Networks,"Merlin Chlosta, David Rupprecht, Thorsten Holz",https://dl.acm.org/doi/pdf/10.1145/3448300.3469133,David_Rupprecht_2021.pdf,,,,
WiSec,2021,Non-IID Data Re-balancing at IoT Edge with Peer-to-peer Federated Learning for Anomaly Detection,"Han Wang, Luis Muñoz-González, David Eklund, Shahid Raza",https://dl.acm.org/doi/pdf/10.1145/3448300.3467827,Han_Wang_2021.pdf,,,,
WiSec,2021,"Here, there, and everywhere: security analysis of wi-fi fine timing measurement","Domien Schepers, Mridula Singh, Aanjhan Ranganathan",https://dl.acm.org/doi/pdf/10.1145/3448300.3467828,Aanjhan_Ranganathan_2021.pdf,https://github.com/domienschepers/wifi-ftm,200,,
WiSec,2021,SNOW-Vi: An Extreme Performance Variant of SNOW-V for Lower Grade CPUs,"Patrik Ekdahl, Thomas Johansson, Alexander Maximov, Jing Yang",https://dl.acm.org/doi/pdf/10.1145/3448300.3467829,Patrik_Ekhdal_2021.pdf,,,,
WiSec,2021,LightningStrike: (In)secure Practices of E-IoT Systems in the Wild,"Luis C. Puche Rondon, Leonardo Babun, Ahmet Aris, Kemal Akkaya, Selcuk Uluagac",https://dl.acm.org/doi/pdf/10.1145/3448300.3467830,Leonardo_Babun_2021.pdf,,,,
WiSec,2021,Write to Know: On the Feasibility of Wrist Motion based User-Authentication from Handwriting,"Raveen Wijewickrama, Anindya Maiti, Murtuza Jadliwala",https://dl.acm.org/doi/pdf/10.1145/3448300.3468290,Raveen_Wijewickrama_2021.pdf,,,,
WiSec,2021,Security Analysis of IEEE 802.15.4z/HRP UWB Time-of-Flight Distance Measurement,"Mridula Singh, Marc Röschlin, Ezzat Zalzala, Patrick Leu, Srdjan Capkun",https://dl.acm.org/doi/pdf/10.1145/3448300.3467831,Mridula_Singh_2021.pdf,,,,
WiSec,2021,Direct anonymous attestation on the road: efficient and privacy-preserving revocation in C-ITS,"Benjamin Larsen, Thanassis Giannetsos, Ioannis Krontiris, Kenneth Goldman",https://dl.acm.org/doi/pdf/10.1145/3448300.3467832,Benjamin_Larsen_2021.pdf,,,,
WiSec,2021,OutletSpy: Cross-outlet Application Inference via Power Factor Correction Signal,"Juchuan Zhang ,Xiaoyu Ji, Yuehan Chi, Yichao Chen, Bin Wang, Wenyuan Xu",https://dl.acm.org/doi/pdf/10.1145/3448300.3468291,Juchuan_Zhang_2021,,,,
WiSec,2021,LNGate: Powering IoT with Next Generation Lightning Micro-payments using Threshold Cryptography,"Ahmet Kurt, Suat Mercan, Omer Shlomovits, Enes Erdin, Kemal Akkaya",https://dl.acm.org/doi/pdf/10.1145/3448300.3467833,Ahmet_Kurt_2021.pdf,https://github.com/ZenGo-X/lightning,200,,
WiSec,2021,Message Sieving to Mitigate Smart Gridlock Attacks in V2V,"Siddharth Dongre, Hanif Rahbari",https://dl.acm.org/doi/pdf/10.1145/3448300.3467834,Siddharth_Dongre_2021.pdf,,,,
WiSec,2022,Short Paper: Towards Security-Optimized Placement of ADS-B Sensors,"Ala’ Darabseh, Christina Pöpper",https://dl.acm.org/doi/pdf/10.1145/3507657.3528557,Ala_Darabseh_2022.pdf,,,,
WiSec,2022,AirGuard - Protecting Android Users From Stalking Attacks By Apple Find My Devices,"Alexander Heinrich, Niklas Bittner, Matthias Hollick",https://dl.acm.org/doi/pdf/10.1145/3507657.3528546,Alexander_Heinrich_2022.pdf,https://github.com/seemoo-lab/AirGuard,200,,
WiSec,2022,SoK: Your Mind Tells a Lot About You: On the Privacy Leakage via Brainwave Devices,"Anuradha Mandal, Nitesh Saxena",https://dl.acm.org/doi/pdf/10.1145/3507657.3528541,Anuradha_Mandal_2022.pdf,,,,
WiSec,2022,Short Paper: PITracker: Detecting Android PendingIntent Vulnerabilities through Intent Flow Analysis,"Chennan Zhang, Shuang Li, Wenrui Diao, Shanqing Guo",https://dl.acm.org/doi/pdf/10.1145/3507657.3528555,Chennan_Zhang_2022.pdf,https://github.com/Sp1keeeee/PItracker,200,,
WiSec,2022,Short Paper: Angularly Dispersive Terahertz Links with Secure Coding: From Theoretical Foundations to Experiments,"Chia-Yi Yeh, Alejandro Cohen, Rafael G. L. D’Oliveira, Muriel Médard, Daniel M. Mittleman, Edward W. Knightly",https://dl.acm.org/doi/pdf/10.1145/3507657.3528553,Chia-Yi_Yeh_2022.pdf,,,,
WiSec,2022,Sybil-Based Attacks on Google Maps or How to Forge the Image of City Life,"Cihan Eryonucu, Panos Papadimitratos",https://dl.acm.org/doi/pdf/10.1145/3507657.3528538,Cihan_Eryonucu_2022.pdf,,,,
WiSec,2022,On the Security of Thread Networks: Experimentation with OpenThread-Enabled Devices,"Dimitrios-Georgios Akestoridis, Vyas Sekar, Patrick Tague",https://dl.acm.org/doi/pdf/10.1145/3507657.3528544,Dimitrios_Akestoridis_2022.pdf,"https://github.com/akestoridis/wireshark-thread-profile, https://github.com/akestoridis/atusb-attacks, https://github.com/akestoridis/zigator",,,
WiSec,2022,On the Robustness of Wi-Fi Deauthentication Countermeasures,"Domien Schepers, Aanjhan Ranganathan, Mathy Vanhoef",https://dl.acm.org/doi/pdf/10.1145/3507657.3528548,Domien_Schepers_2022.pdf,https://github.com/domienschepers/wifi-deauthentication,200,,
WiSec,2022,Take a Bite of the Reality Sandwich: Revisiting the Security of Progressive Message Authentication Codes,"Eric Wagner, Jan Bauer, Martin Henze",https://dl.acm.org/doi/pdf/10.1145/3507657.3528539,Eric_Wagner_2022.pdf,https://github.com/fkie-cad/spmac,200,,
WiSec,2022,Breathe-to-Pair (B2P): Respiration-Based Pairing Protocol for Wearable Devices,"Jafar Pourbemany, Ye Zhu, Riccardo Bettati",https://dl.acm.org/doi/pdf/10.1145/3507657.3528545,Jafar_Pourbemany_2022.pdf,,,,
WiSec,2022,Evil Never Sleeps: When Wireless Malware Stays On After Turning Off iPhones,"Jiska Classen, Alexander Heinrich, Robert Reith, Matthias Hollick",https://dl.acm.org/doi/pdf/10.1145/3507657.3528547,Jiska_Classen_2022.pdf,"https://github.com/seemoo-lab/internalblue, https://github.com/seemoo-lab/frankenstein",,,
WiSec,2022,Attack Impact and Misbehavior Detection in Vehicular Platoons,"Konstantinos Kalogiannis, Weaam Mostafa, Nemr Mohamed Bayaa, Mohammad Khodaei, Panos Papadimitratos",https://dl.acm.org/doi/pdf/10.1145/3507657.3528552,Konstantinos_Kalogiannis_2022.pdf,,,,
WiSec,2022,Automating the Quantitative Analysis of Reproducibility for Build Artifacts derived from the Android Open Source Project,"Manuel Pöll, Michael Roland",https://dl.acm.org/doi/pdf/10.1145/3507657.3528537,Manuel_Pöll_2022.pdf,"https://github.com/mobilesec/reproducible-builds-aosp, https://github.com/mobilesec/reproducible-builds-aosp-wisec",,,
WiSec,2022,Short Paper: BP-MAC: Fast Authentication for Short Messages,"Eric Wagner, Martin Serror, Klaus Wehrle, Martin Henze",https://dl.acm.org/doi/pdf/10.1145/3507657.3528554,Martin_Serror_2022.pdf,https://github.com/fkie-cad/bpmac,200,,
WiSec,2022,An Investigative Study on the Privacy Implications of Mobile E-scooter Rental Apps,"Nisha Vinayaga-Sureshkanth, Anindya Maiti, Raveen Wijewickrama, Murtuza Jadliwala",https://dl.acm.org/doi/pdf/10.1145/3507657.3528551,Nisha_Vinayaga-Sureshkanth_2022.pdf,,,,
WiSec,2022,Short Paper: BiasHacker: Voice Command Disruption by Exploiting Speaker Biases in Automatic Speech Recognition,"Payton Walker, Nathan McClaran, Zihao Zheng, Nitesh Saxena, Guofei Gu",https://dl.acm.org/doi/pdf/10.1145/3507657.3528558,Payton_Walker_2022.pdf,,,,
WiSec,2022,DyWCP: Dynamic and Lightweight Data-Channel Coupling towards Confidentiality in IoT Security,"Shengping Bi, Tao Hou, Tao Wang, Yao Liu, Zhuo Lu, Qingqi Pei",https://dl.acm.org/doi/pdf/10.1145/3507657.3528550,Shengping_Bi_2022.pdf,,,,
WiSec,2022,Short Paper: A First Look at Code Obfuscation for WebAssembly,"Shrenik Bhansali, Ahmet Aris, Abbas Acar, Harun Oz, A. Selcuk Uluagac",https://dl.acm.org/doi/pdf/10.1145/3507657.3528560,Shrenik_Bhansali_2022.pdf,,,,
WiSec,2022,PAcT: Detecting and Classifying Privacy Behavior of Android Applications,"Vijayanta Jain, Sanonda Datta Gupta, Sepideh Ghanavati, Sai Teja Peddinti, Collin McMillan",https://dl.acm.org/doi/pdf/10.1145/3507657.3528543,Vijayanta_Jain_2022.pdf,https://github.com/PERC-Lab/PAcT,200,,
WiSec,2022,A Post-Quantum Secure Subscription Concealed Identifier for 6G,"Vincent Ulitzsch, Shinjo Park, Soundes Marzougui, Jean-Pierre Seifert",https://dl.acm.org/doi/pdf/10.1145/3507657.3528540,Vincent_Ulitzsch_2022.pdf,,,,
WiSec,2022,RRF: A Robust Radiometric Fingerprint System that Embraces Wireless Channel Diversity,"Wenqing Yan, Thiemo Voigt, Christian Rohner",https://dl.acm.org/doi/pdf/10.1145/3507657.3528542,Wenqing_Yan_2022.pdf,,,,
WiSec,2022,Metasurface-in-the-Middle Attack: From Theory to Experiment,"Zhambyl Shaikhanov, Fahid Hassan, Hichem Guerboukha, Daniel Mittleman, Edward Knightly",https://dl.acm.org/doi/pdf/10.1145/3507657.3528549,Zhambyl_Shaikhanov_2022.pdf,,,,
WiSec,2022,Analog Physical-Layer Relay Attacks with Application to Bluetooth and Phase-Based Ranging,"Paul Staat, Kai Jansen, Christian Zenger, Harald Elders-Boll, Christof Paar",https://dl.acm.org/doi/pdf/10.1145/3507657.3528536,Paul_Staat_2022.pdf,,,,
WiSec,2022,Short Paper: Device Re-identification in LoRaWAN through Messages Linkage,"Samuel Pélissier, Mathieu Cunche, Vincent Roca, Didier Donsez",https://dl.acm.org/doi/pdf/10.1145/3507657.3528556,Samuel_Pélissier_2022.pdf,https://gitlab.inria.fr/spelissi/wisec-2022-reproductibility,200,,
WiSec,2022,Short Paper: Measuring the Deployment of 5G Security Enhancement,"Shiyue Nie, Yiming Zhang, Tao Wan, Haixin Duan, Song Li",https://dl.acm.org/doi/pdf/10.1145/3507657.3528559,Shiyue_Nie_2022.pdf,,,,
WiSec,2023,Commercial Anti-Smishing Tools and Their Comparative Effectiveness Against Modern Threats,"Daniel Timko, Muhammad Lutfor Rahman",https://dl.acm.org/doi/pdf/10.1145/3558482.3590173,Daniel_Timko_2023.pdf,,,,
WiSec,2023,BarrierBypass: Out-of-Sight Clean Voice Command Injection Attacks through Physical Barriers,"Payton Walker, Tianfang Zhang, Cong Shi, Nitesh Saxena, Yingying Chen",https://dl.acm.org/doi/pdf/10.1145/3558482.3581772,Payton_Walker_2023.pdf,,,,
WiSec,2023,Owfuzz: Discovering Wi-Fi Flaws in Modern Devices through Over-The-Air Fuzzing,"Hongjian Cao, Lin Huang, Shuwei Hu, Shangcheng Shi, Yujia Liu",https://dl.acm.org/doi/pdf/10.1145/3558482.3590174,"Hongjian_Cao_2023,pdf",https://github.com/Owfuzz/Owfuzz,200,https://github.com/Owfuzz/Owfuzz/tree/main/src/frames/data,
WiSec,2023,VoicePM: A Robust Privacy Measurement on Voice Anonymity,"Shaohu Zhang, Zhouyu Li, Anupam Das",https://dl.acm.org/doi/pdf/10.1145/3558482.3590175,Shaohu_Zhang_2023.pdf,https://github.com/zhangshaohu/VoicePM,200,,
WiSec,2023,The Devil is in the Details: Hidden Problems of Client-Side Enterprise Wi-Fi Configurators,"Ka Lok Wu, Man Hong Hue, Ka Fun Tang, Sze Yiu Chau",https://dl.acm.org/doi/pdf/10.1145/3558482.3590199,Ka_Wu_2023.pdf,,,,
WiSec,2023,E-Spoofer: Attacking and Defending Xiaomi Electric Scooter Ecosystem,"Marco Casagrande, Riccardo Cestaro, Eleonora Losiouk, Mauro Conti, Daniele Antonioli",https://dl.acm.org/doi/pdf/10.1145/3558482.3590176,Marco_Casagrande_2023.pdf,https://anonymous.4open.science/r/Espoofer-7B21,401,,
WiSec,2023,Portability of Deep-Learning Side-Channel Attacks against Software Discrepancies,"Chenggang Wang, Mabon Ninan, Shane Reilly, Joel Ward, William Hawkins, Boyang Wang, John M Emmert",https://dl.acm.org/doi/pdf/10.1145/3558482.3590177,"Chenggang_Wang_2023,pdf",https://github.com/UCdasec/SoftPower,200,,
WiSec,2023,JaX: Detecting and Cancelling High-power Jammers Using Convolutional Neural Network,"Hai N. Nguyen, Guevara Noubir",https://dl.acm.org/doi/pdf/10.1145/3558482.3590178,Hai_Nguyen_2023.pdf,,,,
WiSec,2023,SoK: An Analysis of End-to-End Encryption and Authentication Ceremonies in Secure Messaging Systems,"Mashari Alatawi, Nitesh Saxena",https://dl.acm.org/doi/pdf/10.1145/3558482.3581773,Mashari_Alatawi_2023.pdf,,,,
WiSec,2023,Never Let Me Down Again: Bidding-Down Attacks and Mitigations in 5G and 4G,"Bedran Karakoc, Nils Fürste, David Rupprecht, Katharina Kohls",https://dl.acm.org/doi/pdf/10.1145/3558482.3581774,Bedran_Karakoc_2023.pdf,,,,
WiSec,2023,Android OS Privacy Under the Loupe -- A Tale from the East,"Haoyu Liu, Douglas J. Leith, Paul Patras",https://dl.acm.org/doi/pdf/10.1145/3558482.3581775,Haoyu_Liu_2023.pdf,,,https://github.com/Mobile-Intelligence-Lab/android_CN_trafficdata,
WiSec,2023,What is Your Location Privacy Worth? Monetary Valuation of Different Location Types and Privacy Influencing Factors,"Vera Schmitt, Zhenni Li, Maija Poikela, Robert P. Spang, Sebastian Möller",https://dl.acm.org/doi/pdf/10.1145/3558482.3590180,Vera_Schmitt_2023.pdf,,,,
WiSec,2023,Verifying List Swarm Attestation Protocols,"Jay Le-Papin, Brijesh Dongol, Helen Treharne, Stephan Wesemeyer",https://dl.acm.org/doi/pdf/10.1145/3558482.3581778,Jay_Le-Papin_2023.pdf,https://figshare.com/articles/software/Tamarin_Models_for_Verifying_List_Swarm_Attestation_Protocols_/21931191,200,,
WiSec,2023,Mag-Auth: Authenticating Wireless Transmitters and Receivers on the Receiver Side via Magnetic Emissions,"Omar Adel Ibrahim, Roberto Di Pietro",https://dl.acm.org/doi/pdf/10.1145/3558482.3590198,Omar_Ibrahim_2023.pdf,,,,
WiSec,2023,Authenticating Mobile Users to Public Internet Commodity Services Using SIM Technology,"Siddharth Prakash Rao, Alexandros Bakas",https://dl.acm.org/doi/pdf/10.1145/3558482.3590181,Siddharth_Rao_2023.pdf,,,,
WiSec,2023,Wavefront Manipulation Attack via Programmable mmWave Metasurfaces: from Theory to Experiments,"Haoze Chen, Hooman Saeidi, Suresh Venkatesh, Kaushik Sengupta, Yasaman Ghasempour",https://dl.acm.org/doi/pdf/10.1145/3558482.3590182,Haoze_Chen_2023.pdf,,,,
WiSec,2023,SoK: A Comprehensive Evaluation of 2FA-based Schemes in the Face of Active Concurrent Attacks from User Terminal,"Ahmed Tanvir Mahdad, Nitesh Saxena",https://dl.acm.org/doi/pdf/10.1145/3558482.3590183,Ahmed_Mahdad_2023.pdf,,,,
WiSec,2023,Provable Non-Frameability for 5G Lawful Interception,"Felipe Boeira, Mikael Asplund, Marinho Barcellos",https://dl.acm.org/doi/pdf/10.1145/3558482.3581780,Felipe_Boeira_2023.pdf,https://gitlab.liu.se/ida-rtslab/public-code/2023_5g-nf,200,,
WiSec,2023,HoneyIoT: Adaptive High-Interaction Honeypot for IoT Devices Through Reinforcement Learning,"Chongqi Guan, Heting Liu, Guohong Cao, Sencun Zhu, Thomas La Porta",https://dl.acm.org/doi/pdf/10.1145/3558482.3590195,Chongqi_Guan_2023.pdf,,,,
WiSec,2023,MS-PTP: Protecting Network Timing from Byzantine Attacks,"Shanghao Shi, Yang Xiao Changlai Du, Md Hasan Shahriar, Ao Li,Ning Zhang,Y. Thomas Hou, Wenjing Lou",https://dl.acm.org/doi/pdf/10.1145/3558482.3590184,"Shanghao_Shi_2023,pdf",,,,
WiSec,2023,Countering Relay and Spoofing Attacks in the Connection Establishment Phase of Wi-Fi Systems,"Naureen Hoque, Hanif Rahbari",https://dl.acm.org/doi/pdf/10.1145/3558482.3590185,Naureen_Hoque_2023.pdf,https://github.com/hoquenaureen/WiFi-preauth,200,,
WiSec,2023,Location-independent GNSS Relay Attacks: A Lazy Attacker's Guide to Bypassing Navigation Message Authentication,"Maryam Motallebighomi, Harshad Sathaye, Mridula Singh, Aanjhan Ranganathan",https://dl.acm.org/doi/pdf/10.1145/3558482.3590186,Maryam_Motallebighomi_2023.pdf,"https://github.com/MaryamMG/Location-independent-GNSS-Relay-Attacks, https://www.gnssrelayattack.com/",,,
WiSec,2023,BARON: Base-Station Authentication Through Core Network for Mobility Management in 5G Networks,"Alessandro Lotto, Vaibhav Singh, Bhaskar Ramasubramanian, Alessandro Brighente, Mauro Conti, Radha Poovendran",https://dl.acm.org/doi/pdf/10.1145/3558482.3590187,Alessandro_Lotto_2023.pdf,https://github.com/aleLtt/BARON_simulation,200,,
WiSec,2023,MAVERICK: An App-independent and Platform-agnostic Approach to Enforce Policies in IoT Systems at Runtime,"M. Hammad Mazhar, Li Li, Endadul Hoque, and Omar Chowdhury",https://dl.acm.org/doi/pdf/10.1145/3558482.3590188,Hammad_Mazhar_2023.pdf,https://github.com/hammadmazhar1/MAVERICK,200,,
WiSec,2023,VSMask: Defending Against Voice Synthesis Attack via Real-Time Predictive Perturbation,"Yuanda Wang, Hanqing Guo, Guangjing Wang, Bocheng Chen, and Qiben Yan",https://dl.acm.org/doi/pdf/10.1145/3558482.3590189,Yuanda_Wang_2023.pdf,,,,
WiSec,2023,Satellite Spoofing from A to Z: On the Requirements of Satellite Downlink Overshadowing Attacks,"Edd Salkield, Marcell Szakály, Joshua Smailes, Sebastian Köhler, Simon Birnbach, Martin Strohmeier, and Ivan Martinovic",https://dl.acm.org/doi/pdf/10.1145/3558482.3590190,Edd_Salkield_2023.pdf,https://github.com/ssloxford/satellite-spoofing-a-z/,200,,
WiSec,2023,Short Paper: European 5G Security in the Wild: Reality versus Expectations,"Oscar Lasierra, Gines Garcia-Aviles, Esteban Municio, Antonio Skarmeta, Xavier Costa-Pérez",https://dl.acm.org/doi/pdf/10.1145/3558482.3581776,Oscar_Lasierra_2023.pdf,,,,
WiSec,2023,Short Paper: LTESniffer: An Open-source LTE Downlink/Uplink Eavesdropper,"Tuan Dinh Hoang, CheolJun Park, Mincheol Son, Taekkyung Oh, Sangwook Bae, Junho Ahn, BeomSeok Oh, Yongdae Kim",https://dl.acm.org/doi/pdf/10.1145/3558482.3590196,Tuan_Hoang_2023.pdf,https://github.com/SysSec-KAIST/LTESniffer,200,,
WiSec,2023,Short Paper: BigMac Performance Overhead of User Plane Integrity Protection in 5G Networks,"Thijs Heijligenberg, Guido Knips, Christian Böhm, David Rupprecht, Katharina Kohls",https://dl.acm.org/doi/pdf/10.1145/3558482.3581777,Thijs_Heijligenberg_2023.pdf,,,,
WiSec,2023,Short Paper: Circumventing the Defense against Modulation Classification Attacks,"Hanif Rahbari, Naureen Hoque",https://dl.acm.org/doi/pdf/10.1145/3558482.3590197,Hanif_Rahbari_2023.pdf,https://github.com/hoquenaureen/attack-mo,200,https://github.com/hoquenaureen/attack-mo/tree/main/dataset,
WiSec,2023,Short Paper: Testing and Improving the Correctness of Wi-Fi Frame Injection,"Mathy Vanhoef, Xianjun Jiao, Wei Liu, Ingrid Moerman",https://dl.acm.org/doi/pdf/10.1145/3558482.3581779,Mathy_Vanhoef_2023.pdf,https://github.com/vanhoefm/wifi-injection,200,,
WiSec,2023,UE Security Reloaded: Developing a 5G Standalone User-Side Security Testing Framework,"Evangelos Bitsikas, Syed Khandker, Ahmad Salous, Aanjhan Ranganathan, Roger Piqueras Jover, Christina Pöpper",https://dl.acm.org/doi/pdf/10.1145/3558482.3590194,Evangelos_Bitsikas_2023.pdf,https://github.com/vaggelis-sudo/5G-UE-SecurityTesting,200,,
WiSec,2023,Malicious Relay Detection and Legitimate Channel Recovery,"Xingya Zhao, Wei-Han Chen, Kannan Srinivasan",https://dl.acm.org/doi/pdf/10.1145/3558482.3590193,Xingya_Zhao_2023.pdf,,,,
WiSec,2023,EMI-LiDAR: Uncovering Vulnerabilities of LiDAR Sensors in Autonomous Driving Setting using Electromagnetic Interference,"Sri Hrushikesh Varma Bhupathiraju, Jennifer Sheldon, Luke A. Bauer, Vincent Bindschaedler, Takeshi Sugawara, Sara Rampazzi",https://dl.acm.org/doi/pdf/10.1145/3558482.3590192,Sri_Bhupathiraju_2023.pdf,,,https://cpseclab.github.io/EMILidar/,