Conference,Year,Title,Authors,PDF Link,File name,Code,status_code,Data,Comments,Assigned To
EuroS&P,2015,Using Hardware Features for Increased Debugging Transparency,"Fengwei Zhang,Kevin Leach,Angelos Stavrou,Haining Wang,Kun Sun",https://ieeexplore.ieee.org/stamp/stamp.jsp?tp=&arnumber=7163018,Fengwei_Zhang_2015.pdf,,,,,
EuroS&P,2015,SoK: Secure Messaging,"Nik Unger,Serge Dechand,Joseph Bonneau,Sascha Fahl,Henning Perl,Ian Goldberg, Matthew Smith",https://www.ieee-security.org/TC/SP2015/papers-archived/6949a232.pdf,Nik_Unger_2015.pdf,,,,,
EuroS&P,2015,Secure Track Verification,"Vincent Lenders,Matthias Schafer,Jens Schmitt",https://www.ieee-security.org/TC/SP2015/papers-archived/6949a199.pdf,Vincent_Lenders_2015.pdf,,,,,
EuroS&P,2015,Connection-Oriented DNS to Improve Privacy and Security,"Liang Zhu,Zi Hu,John Heidemann,Duane Wessels,Allison Mankin,Nikita Somaiya",https://www.ieee-security.org/TC/SP2015/papers-archived/6949a171.pdf,Liang_Zhu_2015.pdf,,,,,
EuroS&P,2015,Understanding and Monitoring Embedded Web Scripts,"Yuchen Zhou,David Evans",https://www.ieee-security.org/TC/SP2015/papers-archived/6949a850.pdf,Yuchen_Zhou_2015.pdf,,,,,
EuroS&P,2015,Leave Me Alone: App-level Protection Against Runtime Information Gathering on Android,"Nan Zhang,Kan Yuan,Muhammad Naveed,Xiaoyong Zhou,XiaoFeng Wang",https://www.ieee-security.org/TC/SP2015/papers-archived/6949a915.pdf,Nan_Zhang_2015.pdf,,,,,
EuroS&P,2015,Cross-Architecture Bug Search in Binary Executables,"Jannik Pewny,Behrad Garmany,Robert Gawlik,Christian Rossow,Thorsten Holz",https://www.ieee-security.org/TC/SP2015/papers-archived/6949a709.pdf,Jannik_Pewny_2015.pdf,,,,,
EuroS&P,2015,Controlled-Channel Attacks: Deterministic Side Channels for Untrusted Operating Systems,"Yuanzhong Xu,Weidong Cui,Marcus Peinado",https://www.ieee-security.org/TC/SP2015/papers-archived/6949a640.pdf,Yuanzhong_Xu_2015.pdf,,,,,
EuroS&P,2015,Towards Making Systems Forget with Machine Unlearning,"Yinzhi Cao,Junfeng Yang",https://www.ieee-security.org/TC/SP2015/papers-archived/6949a463.pdf,Yinzhi_Cao_2015.pdf,,,,,
EuroS&P,2015,Cracking-Resistant Password Vaults using Natural Language Encoders,"Rahul Chatterjee,Joseph Bonneau,Ari Juels,Thomas Ristenpart",https://www.ieee-security.org/TC/SP2015/papers-archived/6949a481.pdf,Rahul_Chatterjee_2015.pdf,,,,,
EuroS&P,2015,SoK: A comprehensive analysis of game-based ballot privacy definitions,"David Bernhard,Veronique Cortier,David Galindo,Olivier Pereira,Bogdan Warinschi",https://www.ieee-security.org/TC/SP2015/papers-archived/6949a499.pdf,David_Galindo_2015.pdf,,,,,
EuroS&P,2015,Privacy and Access Control for Outsourced Personal Records,"Matteo Maffei,Giulio Malavolta,Manuel Reinert,Dominique Schroder",https://www.ieee-security.org/TC/SP2015/papers-archived/6949a341.pdf,Matteo_Maffei_2015.pdf,,,,,
EuroS&P,2015,Malicious-Client Security in Blind Seer: A Scalable Private DBMS,"Binh Vo,Ben A. Fisch,Fernando Krell,Abishek Kumarasubramanian,Vladimir Kolesnikov,Tal Malkin,Steven M. Bellovin",https://www.ieee-security.org/TC/SP2015/papers-archived/6949a395.pdf,Binh_Vo_2015.pdf,,,,,
EuroS&P,2015,Forward Secure Asynchronous Messaging from Puncturable Encryption,"Ian Miers,Matthew D. Green",https://www.ieee-security.org/TC/SP2015/papers-archived/6949a305.pdf,Ian_Miers_2015.pdf,,,,,
EuroS&P,2015,The Miner’s Dilemma,Ittay Eyal,https://www.ieee-security.org/TC/SP2015/papers-archived/6949a089.pdf,Ittay_Eyal_2015.pdf,,,,,
EuroS&P,2015,Bitcoin over Tor isn’t a good idea,"Alex Biryukov,Ivan Pustogarov",https://www.ieee-security.org/TC/SP2015/papers-archived/6949a122.pdf,Alex_Biryukov_2015.pdf,,,,,
EuroS&P,2015,Protecting Private Keys against Memory Disclosure Attacks using Hardware Transactional Memory,"Le Guan,Jingqiang Lin,Bo Luo,Jiwu Jing,Jing Wang",https://www.ieee-security.org/TC/SP2015/papers-archived/6949a003.pdf,Le_Guan_2015.pdf,,,,,
EuroS&P,2015,VC3: Trustworthy Data Analytics in the Cloud using SGX,"Felix Schuster,Manuel Costa,Cedric Fournet,Christos Gkantsidis,Marcus Peinado,Gloria Mainar-Ruiz,Mark Russinovich",https://www.ieee-security.org/TC/SP2015/papers-archived/6949a038.pdf,Felix_Schuster_2015.pdf,,,,,
EuroS&P,2015,SoK: Research Perspectives and Challenges for Bitcoin and Cryptocurrencies,"Joseph Bonneau,Andrew Miller,Jeremy Clark,Arvind Narayanan,Joshua A. Kroll,Edward W. Felten",https://www.ieee-security.org/TC/SP2015/papers-archived/6949a104.pdf,Joseph_Bonneau_2015.pdf,,,,,
EuroS&P,2015,Temporal Lensing and its Application in Pulsing Denial-of-Service Attacks,"Ryan Rasti,Mukul Murthy,Nicholas Weaver,Vern Paxson",https://www.ieee-security.org/TC/SP2015/papers-archived/6949a187.pdf,Ryan_Rasti_2015.pdf,,,,,
EuroS&P,2015,How Secure and Quick is QUIC? Provable Security and Performance Analyses,"Robert Lychev,Samuel Jero,Alexandra Boldyreva,Cristina Nita-Rotaru",https://www.ieee-security.org/TC/SP2015/papers-archived/6949a214.pdf,Robert_Lychev_2015.pdf,,,,,
EuroS&P,2016,Explicit Secrecy: A Policy for Taint Tracking,"Daniel Schoepe, Musard Balliu, Benjamin C. Pierce, Andrei Sabelfeld",https://ieeexplore.ieee.org/stamp/stamp.jsp?tp=&arnumber=7467344,Daniel_Schoepe_2016.pdf,,,,,
EuroS&P,2016,Precisely Measuring Quantitative Information Flow: 10K Lines of Code and Beyond,"Celina G. Val, Michael A Enescu, Sam Bayless, William Aiello, Alan J Hu",https://ieeexplore.ieee.org/stamp/stamp.jsp?tp=&arnumber=7467345,Celina_Val_2016.pdf,,,,,
EuroS&P,2016,HornDroid: Practical and Sound Static Analysis of Android Applications by SMT Solving,"Stefano Calzavara, Ilya Grishchenko, Matteo Maffei",https://ieeexplore.ieee.org/stamp/stamp.jsp?tp=&arnumber=7467346,Stefano_Calzavara_2016.pdf,,,,,
EuroS&P,2016,Games Without Frontiers: Investigating Video Games as a Covert Channel,"Bridger Hahn, Rishab Nithyanand, Phillipa Gill, Rob Johnson",https://ieeexplore.ieee.org/stamp/stamp.jsp?tp=&arnumber=7467347,Bridger_Hahn_2016.pdf,https://github.com/bridgar/Castle-Covert-Channel,200,,,
EuroS&P,2016,The OPTLS Protocol and TLS 1.3,"Hugo Krawczyk, Hoeteck Wee",https://ieeexplore.ieee.org/stamp/stamp.jsp?tp=&arnumber=7467348,Hugo_Krawczyk_2016.pdf,,,,,
EuroS&P,2016,A class of precomputation-based distance-bounding protocols,"Sjouke Mauw, Jorge Toro Pozo, Rolando Trujillo-Rasua",https://ieeexplore.ieee.org/stamp/stamp.jsp?tp=&arnumber=7467349,Sjouke_Mauw_2016.pdf,,,,,
EuroS&P,2016,"Frigate: A Validated, Extensible, and Efficient Compiler and Interpreter for Secure Computation","Benjamin Mood, Debayan Gupta, Henry Carter, Kevin Butler, Patrick Traynor",https://cise.ufl.edu/~butler/pubs/eurosp16.pdf,Benjamin_Mood_2016.pdf,https://bitbucket.org/bmood/frigaterelease/src/master/,200,,,
EuroS&P,2016,Translingual Obfuscation,"Pei Wang, Shuai Wang, Jiang Ming, Yufei Jiang, Dinghao Wu",https://ieeexplore.ieee.org/stamp/stamp.jsp?tp=&arnumber=7467351,Pei_Wang_2016.pdf,,,,,
EuroS&P,2016,Reasoning about Object Capabilities with Logical Relations and Effect Parametricity,"Dominique Devriese, Lars Birkedal, Frank Piessens",https://ieeexplore.ieee.org/stamp/stamp.jsp?tp=&arnumber=7467352,Dominique_Devriese_2016.pdf,,,,,
EuroS&P,2016,Strong and Provably Secure Database Access Control,"Marco Guarnieri, Srdjan Marinovic, David Basin",https://ethz.ch/content/dam/ethz/special-interest/infk/inst-infsec/information-security-group-dam/research/projects/databaseAccessControl/eurosp2016.pdf,Marco_Guarnieri_2016.pdf,,,,,
EuroS&P,2016,Fine-Grained Control-Flow Integrity for Kernel Software,"Xinyang Ge, Nirupama Talele, Mathias Payer, Trent Jaeger",https://ieeexplore.ieee.org/stamp/stamp.jsp?tp=&arnumber=7467354,Xinyang_Ge_2016.pdf,,,,,
EuroS&P,2016,On the Inference of User Paths from Anonymized Mobility Data,"Galini Tsoukaneri, George Theodorakopoulos, Hugh Leather, Mahesh K. Marina",https://ieeexplore.ieee.org/stamp/stamp.jsp?tp=&arnumber=7467355,Galini_Tsoukaneri_2016.pdf,,,,,
EuroS&P,2016,NavigaTor: Finding Faster Paths to Anonymity,"Robert Annessi, Martin Schmiedecker",https://ieeexplore.ieee.org/stamp/stamp.jsp?tp=&arnumber=7467356,Robert_Annessi_2016.pdf,https://github.com/naviga-tor/navigator,200,,,
EuroS&P,2016,Security Analysis of Re-Encryption RPC Mix Nets,"Ralf Kuesters, Tomasz Truderung",https://ieeexplore.ieee.org/stamp/stamp.jsp?tp=&arnumber=7467357,Ralf_Kusters_2016.pdf,,,,,
EuroS&P,2016,Foundations of Hardware-Based Attested Computation and Application to SGX,"Manuel Barbosa, Bernardo Portela, Bogdan Warinschi, Guillaume Scerri",https://eprint.iacr.org/2016/014.pdf,Manuel_Barbosa_2016.pdf,,,,,
EuroS&P,2016,Highly Efficient Algorithms for AES Key Retrieval in Cache Access Attacks,"Ashokkumar C, Ravi Prakash Giri, Bernard Menezes",https://ieeexplore.ieee.org/stamp/stamp.jsp?tp=&arnumber=7467359,Ashokkumar_C_2016.pdf,,,,,
EuroS&P,2016,Highly-Efficient and Composable Password-Protected Secret Sharing (Or: How to Protect Your Bitcoin Wallet Online),"Stanislaw Jarecki, Aggelos Kiayias, Hugo Krawczyk, Jiayu Xu",https://ieeexplore.ieee.org/stamp/stamp.jsp?tp=&arnumber=7467360,Stanislaw_Jarecki_2016.pdf,,,,,
EuroS&P,2016,Argon2: new generation of memory-hard functions for password hashing and other applications,"Alex Biryukov, Daniel Dinu, Dmitry Khovratovich",https://ieeexplore.ieee.org/stamp/stamp.jsp?tp=&arnumber=7467361,Alex_Biryukov_2016.pdf,,,,,
EuroS&P,2016,Stubborn Mining: Generalizing Selfish Mining and Combining with an Eclipse Attack,"Kartik Nayak, Srijan Kumar, Andrew Miller, Elaine Shi",https://ieeexplore.ieee.org/stamp/stamp.jsp?tp=&arnumber=7467362,Kartik_Nayak_2016.pdf,,,,,
EuroS&P,2016,Do not trust me: Using malicious IdPs for analyzing and attacking Single Sign-On,"Christian Mainka, Vladislav Mladenov, Jörg Schwenk",https://ieeexplore.ieee.org/stamp/stamp.jsp?tp=&arnumber=7467363,Christian_Mainka_2016.pdf,,,,,
EuroS&P,2016,CacheKit: Evading Memory Introspection Using Cache Incoherence,"Ning Zhang, He Sun, Kun Sun, Wenjing Lou, Y. Thomas Hou",https://ieeexplore.ieee.org/stamp/stamp.jsp?tp=&arnumber=7467364,Ning_Zhang_2016.pdf,,,,,
EuroS&P,2016,"ZETA - Zero-Trust Authentication: Relying on Innate Human Ability, not Technology","Andreas Gutmann, Karen Renaud, Joseph Maguire, Melanie Volkamer, Peter Mayer, Kanta Matsuura, Jörn Müller-Quade",https://ieeexplore.ieee.org/stamp/stamp.jsp?tp=&arnumber=7467365,Andreas_Gutmann_2016.pdf,,,,,
EuroS&P,2016,The Limitations of Deep Learning in Adversarial Settings,"Nicolas Papernot, Patrick McDaniel, Somesh Jha, Matt Fredrikson, Z. Berkay Celik, Ananthram Swami",https://arxiv.org/pdf/1511.07528.pdf,Nicolas_Papernot_2016.pdf,,,,,
EuroS&P,2016,I Am Robot: (Deep) Learning to Break Semantic Image CAPTCHAs,"Suphannee Sivakorn, Iasonas Polakis, Angelos D. Keromytis",https://ieeexplore.ieee.org/stamp/stamp.jsp?tp=&arnumber=7467367,Suphannee_Sivakorn_2016.pdf,,,,,
EuroS&P,2016,PKI Safety Net (PKISN): Solving the Too-Big-to-Be-Revoked Problem,"Pawel Szalachowski, Laurent Chuat, Adrian Perrig",https://ieeexplore.ieee.org/stamp/stamp.jsp?tp=&arnumber=7467368,Pawel_Szalachowski_2016.pdf,,,,,
EuroS&P,2016,It Bends but Would it Break? Topological Analysis of BGP Infrastructures in Europe,"Sylvain Frey, Yehia Elkhatib, Awais Rashid, Karolina Follis, John Vidler, Nick Race, Chris Edwards",https://ieeexplore.ieee.org/stamp/stamp.jsp?tp=&arnumber=7467369,Sylvain_Frey_2016.pdf,,,,,
EuroS&P,2016,AppScanner: Automatic Fingerprinting of Smartphone Apps From Encrypted Network Traffic,"Vincent F. Taylor, Riccardo Spolaor, Mauro Conti, Ivan Martinovic",https://ieeexplore.ieee.org/stamp/stamp.jsp?tp=&arnumber=7467370,Vincent_Taylor_2016.pdf,,,,,
EuroS&P,2016,How Secure is TextSecure?,"Tilman Frosch, Christian Mainka, Christoph Bader, Florian Bergsma, Jorg Schwenk, Thorsten Holz",https://eprint.iacr.org/2014/904.pdf,Tilman_Frosch_2016.pdf,,,,,
EuroS&P,2016,To Du or not to Du: A Security Analysis of Du-Vote,"Steve Kremer, Peter Roenne",https://ieeexplore.ieee.org/stamp/stamp.jsp?tp=&arnumber=7467372,Steve_Kremer_2016.pdf,,,,,
EuroS&P,2017,CodeArmor: Virtualizing the Code Space to Counter Disclosure Attacks,"Xi Chen, Herbert Bos, Cristiano Giuffrida",https://ieeexplore.ieee.org/stamp/stamp.jsp?tp=&arnumber=7962000,Xi_Chen_2017.pdf,,,,,
EuroS&P,2017,Block Me If You Can: A Large-Scale Study of Tracker-Blocking Tools,"Georg Merzdovnik, Markus Huber, Damjan Buhov, Nick Nikiforakis, Sebastian Neuner, Martin Schmiedecker, Edgar Weippl",https://ieeexplore.ieee.org/stamp/stamp.jsp?tp=&arnumber=7961988,Georg_Merzdovnik_2017.pdf,,,,,
EuroS&P,2017,LUNA: Quantifying and Leveraging Uncertainty in Android Malware Analysis through Bayesian Machine Learning,"Michael Backes, Mohammad Nauman",https://ieeexplore.ieee.org/stamp/stamp.jsp?tp=&arnumber=7961981,Michael_Backes_2017.pdf,,,,,
EuroS&P,2017,Revisiting Browser Security in the Modern Era: New Data-only Attacks and Defenses,"Roman Rogowski, Micah Morton, Forrest Li, Fabian Monrose, Kevin Z. Snow, Michalis Polychronakis",https://ieeexplore.ieee.org/stamp/stamp.jsp?tp=&arnumber=7961991,Roman_Rogowski_2017.pdf,,,,,
EuroS&P,2017,WALNUT: Waging Doubt on the Integrity of MEMS Accelerometers with Acoustic Injection Attacks,"Timothy Trippel, Ofir Weisse, Wenyuan Xu, Peter Honeyman, Kevin Fu",https://ieeexplore.ieee.org/stamp/stamp.jsp?tp=&arnumber=7961948,Timothy_Trippel_2017.pdf,,,,,
EuroS&P,2017,Compiler-Agnostic Function Detection in Binaries,"Dennis Andriesse, Asia Slowinska, Herbert Bos",https://ieeexplore.ieee.org/stamp/stamp.jsp?tp=&arnumber=7961979,Dennis_Andriesse_2017.pdf,https://bitbucket.org/vusec/nucleus/src/master/,200,,,
EuroS&P,2017,Open Doors for Bob and Mallory: Open Port Usage in Android Apps and Security Implications,"Yunhan Jack Jia, Qi Alfred Chen, Yikai Lin, Chao Kong, Z. Morley Mao",https://ieeexplore.ieee.org/stamp/stamp.jsp?tp=&arnumber=7961980,Yunhan_Jia_2017.pdf,,,,,
EuroS&P,2017,Privacy-Preserving User Auditable Pseudonym Systems,"Jan Camenisch, Anja Lehmann",https://ieeexplore.ieee.org/stamp/stamp.jsp?tp=&arnumber=7961985,Jan_Camenisch_2017.pdf,,,,,
EuroS&P,2017,Auditable Data Structures,"Michael T. Goodrich, Evgenios M. Kornaropoulos, Michael Mitzenmacher, Roberto Tamassia",https://ieeexplore.ieee.org/stamp/stamp.jsp?tp=&arnumber=7961986,Michael_Goodrich_2017.pdf,,,,,
EuroS&P,2017,ARTist: The Android Runtime Instrumentation and Security Toolkit,"Michael Backes, Sven Bugiel, Oliver Schranz, Philipp von Styp-Rekowsky, Sebastian Weisgerber",https://ieeexplore.ieee.org/stamp/stamp.jsp?tp=&arnumber=7961998,Sven_Bugiel_2017.pdf,,,,,
EuroS&P,2017,Designing and proving an EMV-compliant payment protocol for mobile devices,"Véronique Cortier, Alicia Filipiak, Jan Florent, Saïd Gharout, Jacques Traoré",https://ieeexplore.ieee.org/stamp/stamp.jsp?tp=&arnumber=7961997,Veronique_Cortier_2017.pdf,,,,,
EuroS&P,2017,Refining Authenticated Key Agreement with Strong Adversaries,"Joseph Lallemand, David Basin, Christoph Sprenger",https://ieeexplore.ieee.org/stamp/stamp.jsp?tp=&arnumber=7961974,Joseph_Lallemand_2017.pdf,,,,,
EuroS&P,2017,Sealed-Glass Proofs: Using Transparent Enclaves to Prove and Sell Knowledge,"Florian Tramer, Fan Zhang, Huang Lin Jean-Pierre Hubaux, Ari Juels, Elaine Shi",https://ieeexplore.ieee.org/stamp/stamp.jsp?tp=&arnumber=7961949,Florian_Tramer_2017.pdf,https://github.com/ftramer/sealed-glass-proofs,200,,,
EuroS&P,2017,FairTest: Discovering Unwarranted Associations in Data-Driven Applications,"Florian Tramer, Vaggelis Atlidakis, Roxana Geambasu, Daniel Hsu, Jean-Pierre Hubaux, Mathias Humbert, Ari Juels, Huang Lin",https://ieeexplore.ieee.org/stamp/stamp.jsp?arnumber=7961993,Vaggelis_Atlidakis_2017.pdf,https://github.com/columbia/fairtest,200,,,
EuroS&P,2017,SoK: Single Sign-On Security – An Evaluation of OpenID Connect,"Christian Mainka, Vladislav Mladenov, Jörg Schwenk, Tobias Wich",https://ieeexplore.ieee.org/stamp/stamp.jsp?tp=&arnumber=7961984,Christian_Mainka_2017.pdf,,,,,
EuroS&P,2017,"9-1-1 DDoS: Attacks, Analysis and Mitigation","Mordechai Guri, Yisroel Mirsky, Yuval Elovici",https://ieeexplore.ieee.org/stamp/stamp.jsp?tp=&arnumber=7961982,Mordechai_Guri_2017.pdf,,,,,
EuroS&P,2017,Outsmarting Network Security with SDN Teleportation,"Kashyap Thimmaraju, Liron Schiff, Stefan Schmid",https://ieeexplore.ieee.org/stamp/stamp.jsp?tp=&arnumber=7962003,Kashyap_Thimmaraju_2017.pdf,,,,,
EuroS&P,2017,Confidante: Usable Encrypted Email – A Case Study With Lawyers and Journalists,"Ada Lerner, Eric Zeng, Franziska Roesner",https://ieeexplore.ieee.org/stamp/stamp.jsp?tp=&arnumber=7961992,Ada_Lerner_2017.pdf,,,,,
EuroS&P,2017,Reasoning about Probabilistic Defense Mechanisms against Remote Attacks,"Martin Ochoa, Sebastian Banescu, Cynthia Disenfeld, Gilles Barthe, Vijay Ganesh",https://ieeexplore.ieee.org/stamp/stamp.jsp?tp=&arnumber=7961999,Martin_Ochoa_2017.pdf,,,,,
EuroS&P,2017,Privacy Threats through Ultrasonic Side Channels on Mobile Devices,"Daniel Arp, Erwin Quiring, Christian Wressnegger, Konrad Rieck",https://ieeexplore.ieee.org/stamp/stamp.jsp?tp=&arnumber=7961950,Daniel_Arp_2017.pdf,,,,,
EuroS&P,2017,Efficient and Flexible Discovery of PHP Application Vulnerabilities,"Michael Backes, Konrad Rieck, Malte Skoruppa, Ben Stock, Fabian Yamaguchi",https://ieeexplore.ieee.org/stamp/stamp.jsp?tp=&arnumber=7961989,Konrad_Rieck_2017.pdf,https://github.com/octopus-platform/joern,200,,,
EuroS&P,2017,Secure Queries on an Encrypted Multi-Writer Table,"Angelo Massimo Perillo, Giuseppe Persiano, Alberto Trombetta",https://ieeexplore.ieee.org/stamp/stamp.jsp?tp=&arnumber=7961976,Angelo_Perillo_2017.pdf,https://github.com/secureselect/SecSel,200,,,
EuroS&P,2017,Replay Attacks on Zero Round-Trip Time: The Case of the TLS 1.3 Handshake Candidates,"Marc Fischlin, Felix Günther",https://ieeexplore.ieee.org/stamp/stamp.jsp?tp=&arnumber=7961952,Marc_Fischlin_2017.pdf,,,,,
EuroS&P,2017,A Formal Security Analysis of the Signal Messaging Protocol,"Katriel Cohn-Gordon, Cas Cremers, Benjamin Dowling, Luke Garratt, Douglas Stebila",https://ieeexplore.ieee.org/stamp/stamp.jsp?tp=&arnumber=7961996,Katriel_Cohn-Gordon_2017.pdf,,,,,
EuroS&P,2017,Symbolic Models for Isolated Execution Environments,"Charlie Jacomme, Steve Kremer, Guillaume Scerri",https://ieeexplore.ieee.org/stamp/stamp.jsp?tp=&arnumber=7962001,Charlie_Jacomme_2017.pdf,,,,,
EuroS&P,2017,Automated Verification for Secure Messaging Protocols and their Implementations: A Symbolic and Computational Approach,"Nadim Kobeissi, Karthikeyan Bhargavan, Bruno Blanchet",https://ieeexplore.ieee.org/stamp/stamp.jsp?tp=&arnumber=7961995,Nadim_Kobeissi_2017.pdf,,,,,
EuroS&P,2017,A Novel Approach for Reasoning about Liveness in Cryptographic Protocols and its Application to Fair Exchange,"Michael Backes, Jannik Dreier, Steve Kremer and Robert Kunnemann",https://ieeexplore.ieee.org/stamp/stamp.jsp?tp=&arnumber=7961953,Jannik_Dreier_2017.pdf,,,,,
EuroS&P,2017,Content delivery over TLS: a cryptographic analysis of Keyless SSL,"Karthikeyan Bhargavan, Ioana Boureanu, Pierre-Alain Fouque, Cristina Onete, Benjamin Richard",https://ieeexplore.ieee.org/stamp/stamp.jsp?tp=&arnumber=8013427,Karthikeyan_Bhargavan_2017.pdf,,,,,
EuroS&P,2017,Accumulators with Applications to Anonymity-Preserving Revocation,"Foteini Baldimtsi, Jan Camenisch, Maria Dubovitskaya, Anna Lysyanskaya, Leonid Reyzin, Kai Samelin, Sophia Yakoubov",https://ieeexplore.ieee.org/stamp/stamp.jsp?tp=&arnumber=7961987,Foteini_Baldimtsi_2017.pdf,,,,,
EuroS&P,2017,Redactable Blockchain - or - Rewriting History in Bitcoin and Friends,"Giuseppe Ateniese, Bernardo Magri, Daniele Venturi, Ewerton R. Andrade",https://ieeexplore.ieee.org/stamp/stamp.jsp?tp=&arnumber=7961975,Giuseppe_Ateniese_2017.pdf,,,,,
EuroS&P,2017,Reputation Metrics Design to Improve Intermediary Incentives for Security of TLDs,"Maciej Korczynski, Samaneh Tajalizadehkhoob, Arman Noroozian, Maarten Wullink, Cristian Hesselman, Michel van Eeten",https://ieeexplore.ieee.org/stamp/stamp.jsp?tp=&arnumber=7962004,Maciej_Korczynski_2017.pdf,,,,,
EuroS&P,2017,When Cellular Networks Met IPv6: Security Problems of Middleboxes in IPv6 Cellular Networks,"Hyunwook Hong, Hyunwoo Choi, Dongkwan Kim, Hongil Kim, Byeongdo Hong, Jiseong Noh, Yongdae Kim",https://ieeexplore.ieee.org/stamp/stamp.jsp?tp=&arnumber=7962005,Hyunwook_Hong_2017.pdf,,,,,
EuroS&P,2017,Towards Practical Attacks on Argon2i and Balloon Hashing,"Joel Alwen, Jeremiah Blocki",https://ieeexplore.ieee.org/stamp/stamp.jsp?tp=&arnumber=7961977,Joel_Alwen_2017.pdf,https://github.com/ArgonAttack/AttackSimulation,200,,,
EuroS&P,2017,SoK: Fraud in Telephony Networks,"Merve Sahin, Aurelien Francillon, Payas Gupta, Mustaque Ahamad",https://ieeexplore.ieee.org/stamp/stamp.jsp?tp=&arnumber=7961983,Merve_Sahin_2017.pdf,,,,,
EuroS&P,2017,An Expressive (Zero-Knowledge) Set Accumulator,"Yupeng Zhang, Jonathan Katz, Charalampos Papamanthou",https://ieeexplore.ieee.org/stamp/stamp.jsp?tp=&arnumber=7961978,Yupeng_Zhang_2017.pdf,,,,,
EuroS&P,2017,"Internet Censorship in Thailand: User practices, potential threats and necessary responses","Genevieve Gebhart, Anonymous Author, Tadayoshi Kohno",https://ieeexplore.ieee.org/stamp/stamp.jsp?tp=&arnumber=7961994,Genevieve_Gebhart_2017.pdf,,,,,
EuroS&P,2017,On the Effectiveness of Virtualization Based Memory Isolation on Multicore Platforms,"Siqi Zhao, Xuhua Ding",https://ieeexplore.ieee.org/stamp/stamp.jsp?tp=&arnumber=7962002,Siqi_Zhao_2017.pdf,,,,,
EuroS&P,2017,Large-scale Analysis & Detection of Authentication Cross-Site Request Forgeries,"Avinash Sudhodanan, Roberto Carbone, Luca Compagna, Nicolas Dolgin, Alessandro Armando, Umberto Morelli",https://ieeexplore.ieee.org/stamp/stamp.jsp?tp=&arnumber=7961990,Avinash_Sudhodanan_2017.pdf,,,,,
EuroS&P,2018,"More is Less: On the End-to-End Security of Group Chats in Signal,WhatsApp, and Threema","Paul Rosler,Christian Mainka,Jorg Schwenk",https://ieeexplore.ieee.org/stamp/stamp.jsp?arnumber=8406614,Paul_Rosler_2018.pdf,,,,,
EuroS&P,2018,What you get is what you C: Controlling side effects in mainstream C compilers,"Laurent Simon,David Chisnall,Ross Anderson",https://ieeexplore.ieee.org/stamp/stamp.jsp?arnumber=8406587,Laurent_Simon_2018.pdf,,,,,
EuroS&P,2018,ChainSmith: Automatically Learning the Semantics of Malicious Campaigns by Mining Threat Intelligence Reports,"Ziyun Zhu,Tudor Dumitras",https://ieeexplore.ieee.org/stamp/stamp.jsp?arnumber=8406617,Ziyun_Zhu_2018.pdf,,,,,
EuroS&P,2018,ERASER: Your Data Won’t Be Back,"Kaan Onarlioglu,William Robertson,Engin Kirda",https://ieeexplore.ieee.org/stamp/stamp.jsp?arnumber=8406597,Kaan_Onarlioglu_2018.pdf,https://www.onarlioglu.com/eraser/,200,,,
EuroS&P,2018,Get in Line: Ongoing Co-Presence Verification of a Vehicle Formation Based on Driving Trajectories,"Christian Vaas,Mika Juuti,N. Asokan,Ivan Martinovic",https://ieeexplore.ieee.org/stamp/stamp.jsp?arnumber=8406600,Christian_Vaas_2018.pdf,,,,,
EuroS&P,2018,Language-Independent Synthesis of Firewall Policies,"Chiara Bodei,Pierpaolo Degano,Riccardo Focardi,Letterio Galletta,Mauro Tempesta,Lorenzo Veronese",https://iris.imtlucca.it/bitstream/20.500.11771/12725/4/eurosp2018.pdf,Chirara_Bodei_2018.pdf,https://github.com/secgroup/fws,200,,,
EuroS&P,2018,Understanding User Tradeoffs for Search in Encrypted Communication,"Wei Bai,Ciara Lynton,Michelle L. Mazurek,Charalampos (Babis) Papamanthou",https://ieeexplore.ieee.org/stamp/stamp.jsp?arnumber=8406604,Wei_Bai_2018.pdf,,,,,
EuroS&P,2018,Short Double- and N-Times-Authentication-Preventing Signatures from ECDSA and More,"David Derler,Sebastian Ramacher,Daniel Slamanig",https://ieeexplore.ieee.org/stamp/stamp.jsp?arnumber=8406605,David_Derler_2018.pdf,,,,,
EuroS&P,2018,Formally Reasoning about the Cost and Efficacy of Securing the Email Infrastructure,"Patrick Speicher,Marcel Steinmetz,Robert Künnemann,Milivoj Simeonovski,Giancarlo Pellegrino,Jörg Hoffmann,Michael Backes",https://ieeexplore.ieee.org/stamp/stamp.jsp?arnumber=8406592,Patrick_Speicher_2018.pdf,http://mitigations.whocontrolstheinternet.com,-1,,,
EuroS&P,2018,Security Risks in Asynchronous Web Servers: When Performance Optimizations Amplify the Impact of Data-oriented Attacks,"Micah Morton,Jan Werner,Panagiotis Kintis,Kevin Snow,Manos Antonakakis,Michalis Polychronakis,Fabian Monrose",https://ieeexplore.ieee.org/stamp/stamp.jsp?arnumber=8406598,Micah_Morton_2018.pdf,,,,,
EuroS&P,2018,A formal analysis of the Neuchâtel e-voting protocol,"Veronique Cortier,David Galindo,Mathieu Turuani",https://ieeexplore.ieee.org/stamp/stamp.jsp?arnumber=8406615,Veronique_Cortier_2018.pdf,,,,,
EuroS&P,2018,Sponge-Based Control-Flow Protection for IoT Devices,"Mario Werner,Thomas Unterluggauer,David Schaffenrath,Stefan Mangard",https://ieeexplore.ieee.org/stamp/stamp.jsp?arnumber=8406601,Mario_Werner_2018.pdf,,,,,
EuroS&P,2018,The Real First Class? Inferring Confidential Corporate Mergers and Government Relations from Air Traffic Communication,"Martin Strohmeier,Matthew Smith,Vincent Lenders,Ivan Martinovic",https://ieeexplore.ieee.org/stamp/stamp.jsp?arnumber=8406594,Martin_Strohmeier_2018.pdf,,,,,
EuroS&P,2018,Online Synthesis of Adaptive Side-Channel Attacks Based On Noisy Observations,"Lucas Bang,Nicolas Rosner,Tevfik Bultan",https://ieeexplore.ieee.org/stamp/stamp.jsp?arnumber=8406607,Lucas_Bang_2018.pdf,,,,,
EuroS&P,2018,Crypto Crumple Zones: Enabling Limited Access without Mass Surveillance,"Charles Wright,Mayank Varia",https://ieeexplore.ieee.org/stamp/stamp.jsp?arnumber=8406606,Charles_Wright_2018.pdf,,,,,
EuroS&P,2018,User Blocking Considered Harmful? An Attacker-controllable Side Channel to Identify Social Accounts,"Takuya Watanabe,Eitaro Shioji,Mitsuaki Akiyama,Keito Sasaoka,Takeshi Yagi,Tatsuya Mori",https://ieeexplore.ieee.org/stamp/stamp.jsp?arnumber=8406608,Takuya_Watanabe_2018.pdf,,,,,
EuroS&P,2018,On Composability of Game-based Password Authenticated Key Exchange,"Marjan Skrobot,Jean Lancrenon",https://ieeexplore.ieee.org/stamp/stamp.jsp?arnumber=8406616,Marjan_Skrobot_18.pdf,,,,,
EuroS&P,2018,I Spy with My Little Eye: Analysis and Detection of Spying Browser Extensions,"Anupama Aggarwal,Bimal Viswanath,Liang Zhang,Saravana Kumar,Ayush Shah,Ponnurangam Kumaraguru",https://ieeexplore.ieee.org/stamp/stamp.jsp?arnumber=8406590,Anupama_Aggarwal_2018.pdf,,,,,
EuroS&P,2018,Position-independent Code Reuse: On the Effectiveness of ASLR in the Absence of Information Disclosure,"Benjamin Kollenda,Enes Göktaş,Philipp Koppe,Erik Bosman, Georgios Portokalidis,Thorsten Holz,Herbert Bos,Cristiano Giuffrida",https://ieeexplore.ieee.org/stamp/stamp.jsp?arnumber=8406602,Benjamin_Kollenda_2018.pdf,,,,,
EuroS&P,2018,TARANET: Traffic-Analysis Resistant Anonymity at the NETwork layer,"Chen Chen,Daniele E. Asoni,Adrian Perrig,David Barrera,George Danezis,Carmela Troncoso",https://ieeexplore.ieee.org/stamp/stamp.jsp?arnumber=8406596,Chen_Chen_2018.pdf,,,,,
EuroS&P,2018,Attacking Deterministic Signature Schemes using Fault Attacks,"Damian Poddebniak,Juraj Somorovsky,Sebastian Schinzel,Manfred Lochter,Paul Rosler",https://ieeexplore.ieee.org/stamp/stamp.jsp?arnumber=8406609,Damian_Poddebniak_2018.pdf,,,,,
EuroS&P,2018,Dissecting Privacy Risks in Biomedical Data,"Pascal Berrang,Mathias Humbert,Yang Zhang,Irina Lehmann,Roland Eils,Michael Backes",https://ieeexplore.ieee.org/stamp/stamp.jsp?arnumber=8406591,Pascal_Berrang_2018.pdf,,,,,
EuroS&P,2019,False Sense of Security: A Study on the Effectivity of Jailbreak Detection in Banking Apps,"Ansgar Kellner, Micha Horlboge, Konrad Rieck, Christian Wressnegger",https://ieeexplore.ieee.org/stamp/stamp.jsp?tp=&arnumber=8806743,Ansgar_Kellner_2019.pdf,https://dev.sec.tu-bs.de/ios/,-1,,,
EuroS&P,2019,Up-To-Crash: Evaluating Third-Party Library Updatability on Android,"Jie Huang, Nataniel Borges, Sven Bugiel, Michael Backes",https://ieeexplore.ieee.org/stamp/stamp.jsp?tp=&arnumber=8806753,Jie_Huang_2019.pdf,,,,,
EuroS&P,2019,Challenges in Designing Exploit Mitigations for Deeply Embedded Systems,"Ali Abbasi, Jos Wetzels, Thorsten Holz, Sandro Etalle",https://ieeexplore.ieee.org/stamp/stamp.jsp?tp=&arnumber=8806725,Ali_Abbasi_2019.pdf,,,,,
EuroS&P,2019,DroidEvolver: Self-Evolving Android Malware Detection System,"Ke Xu, Yingjiu Li, Robert H. Deng, Kai Chen, Jiayun Xu",https://ieeexplore.ieee.org/stamp/stamp.jsp?tp=&arnumber=8806731,Ke_Xu_2019.pdf,https://github.com/DroidEvolver/DroidEvolver,200,,,
EuroS&P,2019,Programming with Flow-Limited Authorization: Coarser is Better,"Mathias V. Pedersen, Stephen Chong",https://ieeexplore.ieee.org/stamp/stamp.jsp?tp=&arnumber=8806736,Mathias_Pedersen_2019.pdf,,,,,
EuroS&P,2019,Information-Flow Control for Database-backed Applications,"Marco Guarnieri, Musard Balliu, Daniel Schoepe, David Basin, Andrei Sabelfeld",https://ieeexplore.ieee.org/stamp/stamp.jsp?tp=&arnumber=8806751,Marco_Guarnieri_2019.pdf,,,,,
EuroS&P,2019,Adaptive Call-site Sensitive Control Flow Integrity,"Mustakimur Khandaker, Abu Naser, Wenqing Liu, Zhi Wang, Yajin Zhou, Yueqiang Cheng",https://ieeexplore.ieee.org/stamp/stamp.jsp?tp=&arnumber=8806734,Mustakimur_Khandaker_2019.pdf,,,,,
EuroS&P,2019,STEROIDS for DOPed Applications: A Compiler for Automated Data-Oriented Programming,"Jannik Pewny, Philipp Koppe, Thorsten Holz",https://ieeexplore.ieee.org/stamp/stamp.jsp?tp=&arnumber=8806714,Jannik_Pewny_2019.pdf,,,,,
EuroS&P,2019,A Symbolic Analysis of ECC-based Direct Anonymous Attestation,"Jorden Whitefield, Liqun Chen, Ralf Sasse, Steve Schneider, Helen Treharne, Stephan Wesemeyer",https://ieeexplore.ieee.org/stamp/stamp.jsp?tp=&arnumber=8806715,Jorden_Whitefield_2019.pdf,,,,,
EuroS&P,2019,SGXPECTRE : Stealing Intel Secrets from SGX Enclaves via Speculative Execution,"Guoxing Chen, Sanchuan Chen, Yuan Xiao, Yinqian Zhang, Zhiqiang Lin, Ten H. Lai",https://ieeexplore.ieee.org/stamp/stamp.jsp?tp=&arnumber=8806740,Guoxing_Chen_2019.pdf,https://github.com/OSUSecLab/SgxPectre,200,,,
EuroS&P,2019,ReplicaTEE: Enabling Seamless Replication of SGX Enclaves in the Cloud,"Claudio Soriente, Ghassan O. Karame, Wenting Li, Sergey Fedorov",https://ieeexplore.ieee.org/stamp/stamp.jsp?tp=&arnumber=8806748,Claudio_Soriente_2019.pdf,,,,,
EuroS&P,2019,Deanonymization and linkability of cryptocurrency transactions based on network analysis,"Alex Biryukov, Sergei Tikhomirov",https://ieeexplore.ieee.org/stamp/stamp.jsp?tp=&arnumber=8806723,Alex_Biryukov_2019.pdf,,,,,
EuroS&P,2019,"Ekiden: A Platform for Confidentiality-Preserving, Trustworthy, and Performant Smart Contracts","Raymond Cheng, Fan Zhang, Jernej Kos, Warren He, Nicholas Hynes, Noah Johnson",https://ieeexplore.ieee.org/stamp/stamp.jsp?tp=&arnumber=8806762,Raymond_Cheng_2019.pdf,,,,,
EuroS&P,2019,Understanding eWhoring,"Alice Hutchings, Sergio Pastrana",https://ieeexplore.ieee.org/stamp/stamp.jsp?tp=&arnumber=8806721,Alice_Hutchings_2019.pdf,,,,,
EuroS&P,2019,Key-Insulated and Privacy-Preserving Signature Scheme with Publicly Derived Public Key,"Zhen Liu, Guomin Yang, Duncan S. Wong, Khoa Nguyen, Huaxiong Wang",https://ieeexplore.ieee.org/stamp/stamp.jsp?tp=&arnumber=8806749,Zhen_Liu_2019.pdf,,,,,
EuroS&P,2019,A Mechanised Cryptographic Proof of the WireGuard Virtual Private Network Protocol,"Benjamin Lipp, Bruno Blanchet, Karthikeyan Bhargavan",https://ieeexplore.ieee.org/stamp/stamp.jsp?tp=&arnumber=8806752,Benjamin_Lipp_2019.pdf,,,,,
EuroS&P,2019,The Case of Adversarial Inputs for Secure Similarity Approximation Protocols,"Evgenios M. Kornaropoulos, Petros Efstathopoulos",https://ieeexplore.ieee.org/stamp/stamp.jsp?tp=&arnumber=8806727,Evgenios_Kornaropoulos_2019.pdf,,,,,
EuroS&P,2019,A Practical Attestation Protocol for Autonomous Embedded Systems,"Florian Kohnhauser, Niklas Buscher, Stefan Katzenbeisser",https://ieeexplore.ieee.org/stamp/stamp.jsp?tp=&arnumber=8806746,Florian_Kohnhauser_2019.pdf,,,,,
EuroS&P,2019,IFAL: Issue First Activate Later Certificates for V2X,"Eric R. Verheul, Christopher Hicks, Flavio D. Garcia",https://ieeexplore.ieee.org/stamp/stamp.jsp?tp=&arnumber=8806744,Eric_Verheul_2019.pdf,https://github.com/hkscy/IFAL,200,,,
EuroS&P,2019,SAID: Reshaping Signal into an Identity-Based Asynchronous Messaging Protocol with Authenticated Ratcheting,"Olivier Blazy, Angele Bossuat, Xavier Bultel, Pierre-Alain Fouque, Cristina Onete, Elena Pagnin",https://ieeexplore.ieee.org/stamp/stamp.jsp?arnumber=8806729,Olivier_Blazy_2019.pdf,,,,,
EuroS&P,2019,SoK: Benchmarking Flaws in Systems Security,"Erik van der Kouwe, Gernot Heiser, Dennis Andriesse, Herbert Bos, Cristiano Giuffrida",https://ieeexplore.ieee.org/stamp/stamp.jsp?tp=&arnumber=8806739,Erik_Kouwe_2019.pdf,,,,,
EuroS&P,2019,Tell Me You Fixed It: Evaluating Vulnerability Notifications via Quarantine Networks,"Orcun Cetin, Carlos Ganan, Lisette Altena, Samaneh Tajalizadehkhoob, Michel van Eeten",https://ieeexplore.ieee.org/stamp/stamp.jsp?tp=&arnumber=8806733,Orcun_Cetin_2019.pdf,,,,,
EuroS&P,2019,Discovering Correlations: A Formal Definition of Causal Dependency Among Heterogeneous Events,"Charles Xosanavongsa, Eric Totel, Olivier Bettan",https://ieeexplore.ieee.org/stamp/stamp.jsp?tp=&arnumber=8806755,Charles_Xosanavongsa_2019.pdf,,,,,
EuroS&P,2019,Noise Explorer: Fully Automated Modeling and Verification for Arbitrary Noise Protocols,"Nadim Kobeissi, Georgio Nicolas, Karthikeyan Bhargavan",https://ieeexplore.ieee.org/stamp/stamp.jsp?tp=&arnumber=8806757,Nadim_Kobeissi_2019.pdf,https://noiseexplorer.com/#,200,,,
EuroS&P,2019,Degenerate fault attacks on elliptic curve parameters in OpenSSL,"Akira Takahashi, Mehdi Tibouchi",https://ieeexplore.ieee.org/stamp/stamp.jsp?tp=&arnumber=8806763,Akira_Takahashi_2019.pdf,,,,,
EuroS&P,2019,On Aggregation of Information in Timing Attacks,"Itsaka Rakotonirina, Boris Kopf",https://ieeexplore.ieee.org/stamp/stamp.jsp?tp=&arnumber=8806719,Itsaka_Rakotonirina_2019.pdf,,,,,
EuroS&P,2019,In Encryption we don't Trust: The Effect of End-To-End Encryption to the Masses on User Perception,"Sergej Dechand, Alena Naiakshina, Anastasia Danilova, Matthew Smith",https://ieeexplore.ieee.org/stamp/stamp.jsp?tp=&arnumber=8806742,Sergej_Dechand_2019.pdf,,,,,
EuroS&P,2019,Rethinking Location Privacy for Unknown Mobility Behaviors,"Simon Oya, Carmela Troncoso, Fernando Perez-Gonzalez",https://ieeexplore.ieee.org/stamp/stamp.jsp?tp=&arnumber=8806718,Simon_Oya_2019.pdf,,,,,
EuroS&P,2019,Revisiting User Privacy for Certificate Transparency,"Daniel Kales, Olamide Omolola, Sebastian Ramacher",https://ieeexplore.ieee.org/stamp/stamp.jsp?tp=&arnumber=8806754,Daniel_Kales_2019.pdf,,,,,
EuroS&P,2019,PILOT: Practical Privacy-Preserving Indoor Localization using OuTsourcing,"Kimmo Jarvinen, Helena Leppakoski, Elena-Simona Lohan, Philipp Richter, Thomas Schneider, Oleksandr Tkachenko, Zheng Yang",https://ieeexplore.ieee.org/stamp/stamp.jsp?tp=&arnumber=8806758,Kimmo_Jarvinen_2019.pdf,,,,,
EuroS&P,2019,The 5G-AKA Authentication Protocol Privacy,Adrien Koutsos,https://ieeexplore.ieee.org/stamp/stamp.jsp?tp=&arnumber=8806761,Adrien_Koutsos_2019.pdf,,,,,
EuroS&P,2019,Towards Understanding Limitations of Pixel Discretization Against Adversarial Attacks,"Jiefeng Chen, Xi Wu, Vaibhav Rastogi, Yingyu Liang, Somesh Jha",https://ieeexplore.ieee.org/stamp/stamp.jsp?tp=&arnumber=8806764,Jiefeng_Chen_2019.pdf,https://github.com/jfc43/pixel-discretization,200,,,
EuroS&P,2019,EzPC: Programmable and Efficient Secure Two-Party Computation for Machine Learning,"Nishanth Chandran, Divya Gupta, Aseem Rastogi, Rahul Sharma, Shardul Tripathi",https://ieeexplore.ieee.org/stamp/stamp.jsp?tp=&arnumber=8806756,Nishanth_Chandran_2019.pdf,https://github.com/mpc-msri/EzPC,200,,,
EuroS&P,2019,PRADA: Protecting Against DNN Model Stealing Attacks,"Mika Juuti, Sebastian Szyller, Samuel Marchal, N. Asokan",https://ieeexplore.ieee.org/stamp/stamp.jsp?tp=&arnumber=8806737,Mika_Juuti_2019.pdf,https://github.com/SSGAalto/prada-protecting-against-dnn-model-stealing-attacks,200,,,
EuroS&P,2019,Mitch: A Machine Learning Approach to the Black-Box Detection of CSRF Vulnerabilities,"Stefano Calzavara, Mauro Conti, Riccardo Focardi, Alvise Rabitti, Gabriele Tolomei",https://ieeexplore.ieee.org/stamp/stamp.jsp?tp=&arnumber=8806728,Stefano_Calzavara_2019.pdf,https://github.com/alviser/mitch,200,,,
EuroS&P,2019,Domain Impersonation is Feasible: A Study of CA Domain Validation Vulnerabilities,"Lorenz Schwittmann, Matthaus Wander, Torben Weis",https://ieeexplore.ieee.org/stamp/stamp.jsp?tp=&arnumber=8806745,Lorenz_Schwittmann_2019.pdf,,,,,
EuroS&P,2019,TraffickStop: Detecting and Measuring Illicit Traffic Monetization Through Large-scale DNS Analysis,"Baojun Liu1, Zhou Li, Peiyuan Zong, Chaoyi Lu, Haixin Duan, Ying Liu, Sumayah Alrwais, Xiaofeng Wang, Shuang Hao, Yaoqi Jia, Yiming Zhang, Kai Chen, Zaifeng Zhang",https://ieeexplore.ieee.org/stamp/stamp.jsp?tp=&arnumber=8806730,Baojun_Liu_2019.pdf,,,,,
EuroS&P,2019,StopGuessing: Using Guessed Passwords to Thwart Online Password Guessing,"Yuan Tian, Cormac Herley, Stuart Schechter",https://ieeexplore.ieee.org/stamp/stamp.jsp?tp=&arnumber=8806735,Yuan_Tian_2019.pdf,https://github.com/Microsoft/StopGuessing,200,,,
EuroS&P,2019,MALPITY: Automatic Identification and Exploitation of Tarpit Vulnerabilities in Malware,"Sebastian Walla, Christian Rossow",https://ieeexplore.ieee.org/stamp/stamp.jsp?arnumber=8806760,Sebastian_Walla_2019.pdf,,,,,
EuroS&P,2019,"Private votes on untrusted platforms: models, attacks and provable scheme","Sergiu Bursuc, Constantin-Catalin Dragan, Steve Kremer",https://ieeexplore.ieee.org/stamp/stamp.jsp?tp=&arnumber=8806713,Sergiu_Bursuc_2019.pdf,,,,,
EuroS&P,2019,Is your vote overheard? A new scalable side-channel attack against paper voting,"Kristjan Krips, Jan Willemson, Sebastian Värv",https://ieeexplore.ieee.org/stamp/stamp.jsp?tp=&arnumber=8806759,Kristjan_Krips_2019.pdf,,,,,
EuroS&P,2019,Improving Automated Symbolic Analysis of Ballot Secrecy for E-voting Protocols: A Method Based on Sufficient Conditions,"Lucca Hirschi, Cas Cremers",https://ieeexplore.ieee.org/stamp/stamp.jsp?tp=&arnumber=8806716,Lucca_Hirschi_2019.pdf,,,,,
EuroS&P,2020,"Anyone Else Seeing this Error?': Community, System Administrators, and Patch Information","Adam Jenkins, Pieris Kalligeros, Kami Vaniea, Maria K. Wolters",https://ieeexplore.ieee.org/stamp/stamp.jsp?tp=&arnumber=9230392,Adam_Jenkins_2020.pdf,,,,,
EuroS&P,2020,A Vehicular DAA Scheme for Unlinkable ECDSA Pseudonyms in V2X,"Christopher Hicks, Flavio D. Garcia",https://ieeexplore.ieee.org/stamp/stamp.jsp?tp=&arnumber=9230371,Christopher_Hicks_2020.pdf,,,,,
EuroS&P,2020,Accountability in a Permissioned Blockchain:Formal Analysis of Hyperledger Fabric,"Mike Graf, Ralf Kusters, Daniel Rausch",https://ieeexplore.ieee.org/stamp/stamp.jsp?arnumber=9230387,Mike_Graf_2020.pdf,,,,,
EuroS&P,2020,DARIA: Designing Actuators to Resist Arbitrary Attacks Against Cyber-Physical Systems,"Jairo Giraldo, Sahand Hadizadeh Kafash, Justin Ruths, Alvaro A. Cardenas",https://ieeexplore.ieee.org/stamp/stamp.jsp?tp=&arnumber=9230365,Jairo_Giraldo_2020.pdf,,,,,
EuroS&P,2020,AVGuardian: Detecting and Mitigating Publish-Subscribe Overprivilege for Autonomous Vehicle Systems,"David Ke Hong, John Kloosterman, Yuqi Jin, Yulong Cao, Qi Alfred Chen, Scott Mahlke, Z. Morley Mao",https://ieeexplore.ieee.org/stamp/stamp.jsp?tp=&arnumber=9230389,David_Hong_2020.pdf,https://github.com/analyzerav/avguardian,200,,,
EuroS&P,2020,Biometric Backdoors: A Poisoning Attack Against Unsupervised Template Updating,"Giulio Lovisotto, Simon Eberz, Ivan Martinovic",https://ieeexplore.ieee.org/stamp/stamp.jsp?tp=&arnumber=9230411,Giulio_Lovisotto_2020.pdf,https://github.com/ssloxford/biometric-backdoors,200,,,
EuroS&P,2020,Bypassing Backdoor Detection Algorithms in Deep Learning,"Te Juin Lester Tan, Reza Shokri",https://ieeexplore.ieee.org/stamp/stamp.jsp?tp=&arnumber=9230390,Te_Tan_2020.pdf,,,,,
EuroS&P,2020,Chameleons' Oblivion: Complex-Valued Neural Networks for Protocol-Agnostic RF Device Fingerprinting,"Ioannis Agadakos, Nikolaos Agadakos, Jason Polakis, Mohamed R. Amer",https://ieeexplore.ieee.org/stamp/stamp.jsp?tp=&arnumber=9230376,Ioannis_Agadakos_2020.pdf,,,,,
EuroS&P,2020,CHORUS: a Programming Framework for Building Scalable Differential Privacy Mechanisms,"Noah Johnson, Joseph P. Near, Joseph M. Hellerstein, Dawn Song",https://ieeexplore.ieee.org/stamp/stamp.jsp?arnumber=9230409,Noah_Johnson_2020.pdf,https://github.com/uvm-plaid/chorus,200,,,
EuroS&P,2020,COMAR: Classification of Compromised versus Maliciously Registered domains,"Sourena Maroofi, Maciej Korczynski, Cristian Hesselman, Benoit Ampeau, Andrzej Duda",https://ieeexplore.ieee.org/stamp/stamp.jsp?tp=&arnumber=9230367,Sourena_Maroofi_2020.pdf,,,,,
EuroS&P,2020,Detecting Malware Injection with Program-DNS Behavior,"Yixin Sun, Kangkook Jee, Suphannee Sivakorn, Zhichun Li, Cristian Lumezanu, Lauri Korts-Parn, Zhenyu Wu, Junghwan Rhee, Chung Hwan Kim, Mung Chiang, Prateek Mittal",https://ieeexplore.ieee.org/stamp/stamp.jsp?tp=&arnumber=9230384,Yixin_Sun_2020.pdf,,,,,
EuroS&P,2020,Differentially Private Two-Party Set Operations,"Bailey Kacsmar, Basit Khurram, Nils Lukas, Alexander Norton, Masoumeh Shafieinejad, Zhiwei Shang, Yaser Baseri, Maryam Sepehri, Simon Oya, Florian Kerschbaum",https://ieeexplore.ieee.org/stamp/stamp.jsp?tp=&arnumber=9230399,Bailey_Kacsmar_2020.pdf,https://github.com/cryspuwaterloo/DiPSI,200,,,
EuroS&P,2020,DLA: Dense-Layer-Analysis for Adversarial Example Detection,"Philip Sperl, Ching-Yu Kao, Peng Chen, Xiao Lei, Konstantin Bottinger",https://ieeexplore.ieee.org/stamp/stamp.jsp?tp=&arnumber=9230412,Philip_Sperl_2020.pdf,,,,,
EuroS&P,2020,Evaluating Explanation Methods for Deep Learning in Computer Security,"Alexander Warnecke, Daniel Arp, Christian Wressnegger, Konrad Rieck",https://ieeexplore.ieee.org/stamp/stamp.jsp?arnumber=9230374,Alexander_Warnecke_2020.pdf,https://github.com/alewarne/explain-mlsec,200,,,
EuroS&P,2020,Extensive Security Verification of LoRaWAN Key Establishment: Insecurities & Patches,"Stephan Wesemeyer, Ioana Boureanu, Zach Smith, Helen Treharne",https://ieeexplore.ieee.org/stamp/stamp.jsp?tp=&arnumber=9230413,Stephan_Wesemeyer_2020.pdf,https://github.com/lorawan-tamarin-analysis/lorawan-tamarin-analysis,200,,,
EuroS&P,2020,Generalized Iterative Bayesian Update and Applications to Mechanisms for Privacy Protection,"Ehab ElSalamouny, Catuscia Palamidessi",https://ieeexplore.ieee.org/stamp/stamp.jsp?tp=&arnumber=9230415,Ehab_ElSalamouny_2020.pdf,https://gitlab.com/locpriv/ibu,200,,,
EuroS&P,2020,Improving Fuzzing through Controlled Compilation,"Laurent Simon, Akash Verma",https://ieeexplore.ieee.org/stamp/stamp.jsp?arnumber=9230360,Laurent_Simon_2020.pdf,https://github.com/Samsung/afl_cc,200,,,
EuroS&P,2020,IoTFinder: Efficient Large-Scale Identification of IoT Devices via Passive DNS Traffic Analysis,"Roberto Perdisci, Thomas Papastergiou, Omar Alrawi, Manos Antonakakis",https://ieeexplore.ieee.org/stamp/stamp.jsp?tp=&arnumber=9230403,Roberto_Perdisci_2020.pdf,,,,,
EuroS&P,2020,Jekyll: Attacking Medical Image Diagnostics using Deep Generative Models,"Neal Mangaokar, Jiameng Pu, Parantapa Bhattacharya, Chandan K. Reddy, Bimal Viswanath",https://ieeexplore.ieee.org/stamp/stamp.jsp?tp=&arnumber=9230370,Neal_Mangaokar_2020.pdf,,,,,
EuroS&P,2020,TagBleed: Breaking KASLR on the Isolated Kernel Address Space using Tagged TLBs,"Jakob Koschel, Cristiano Giuffrida, Herbert Bos, Kaveh Razavi",https://ieeexplore.ieee.org/stamp/stamp.jsp?arnumber=9230388,Jakob_Koschel_2020.pdf,,,,,
EuroS&P,2020,Membership Inference Against DNA Methylation Databases,"Inken Hagestedt, Mathias Humbert, Pascal Berrang, Irina Lehmann, Roland Eils, Michael Backes, Yang Zhang",https://ieeexplore.ieee.org/stamp/stamp.jsp?tp=&arnumber=9230417,Inken_Hagestedt_2020.pdf,,,,,
EuroS&P,2020,Modular Security Analysis of OAuth 2.0 in the Three-Party Setting,"Xinyu Li, Jing Xu, Zhenfeng Zhang, Xiao Lan, Yuchen Wang",https://ieeexplore.ieee.org/stamp/stamp.jsp?tp=&arnumber=9230361,Xinyu_Li_2020.pdf,,,,,
EuroS&P,2020,Multi-country Study of Third Party Trackers from Real Browser Histories,"Xuehui Hu, Guillermo Suarez de Tangil, Nishanth Sastry",https://ieeexplore.ieee.org/stamp/stamp.jsp?tp=&arnumber=9230391,Xuehui_Hu_2020.pdf,,,,,
EuroS&P,2020,On Deploying Secure Computing: Private Intersection-Sum-with-Cardinality Protocols,"Mihaela Ion, Ben Kreuter, Ahmet Erhan Nergiz, Sarvar Patel, Shobhit Saxena, Karn Seth, Mariana Raykova, David Shanahan, Moti Yung",https://ieeexplore.ieee.org/stamp/stamp.jsp?tp=&arnumber=9230369,Mihaela_Ion_2020.pdf,,,,,
EuroS&P,2020,Ordinos: A Verifiable Tally-Hiding E-Voting System,"Ralf Kusters, Julian Liedtke, Johannes Muller, Daniel Rausch, Andreas Vogt",https://ieeexplore.ieee.org/stamp/stamp.jsp?arnumber=9230368,Ralf_Kusters_2020.pdf,,,,,
EuroS&P,2020,"PESTO: Proactively Secure Distributed Single Sign-On, or How to Trust a Hacked Server","Carsten Baum, Tore Frederiksen, Julia Hesse, Anja Lehmann, Avishay Yanai",https://ieeexplore.ieee.org/stamp/stamp.jsp?tp=&arnumber=9230400,Carsten_Baum_2020.pdf,https://bitbucket.alexandra.dk/projects/OL/repos/pesto,200,,,
EuroS&P,2020,Practical Volume-Based Attacks on Encrypted Databases,"Rishabh Poddar, Stephanie Wang, Jianan Lu, Raluca Ada Popa",https://ieeexplore.ieee.org/stamp/stamp.jsp?tp=&arnumber=9230375,Rishabh_Poddar_2020.pdf,,,,,
EuroS&P,2020,Quantitative Assessment on the Limitations of Code Randomization for Legacy Binaries,"Pei Wang, Jinquan Zhang, Shuai Wang, Dinghao Wu",https://ieeexplore.ieee.org/stamp/stamp.jsp?tp=&arnumber=9230354,Pei_Wang_2020.pdf,,,,,
EuroS&P,2020,Replay Attacks and Defenses Against Cross-shard Consensus in Sharded Distributed Ledgers,"Alberto Sonnino, Shehar Bano, Mustafa Al-Bassam, George Danezis",https://ieeexplore.ieee.org/stamp/stamp.jsp?tp=&arnumber=9230373,Alberto_Sonnino_2020.pdf,https://github.com/sheharbano/byzcuit,200,,,
EuroS&P,2020,Reward Sharing Schemes for Stake Pools,"Lars Brünjes, Aggelos Kiayias, Elias Koutsoupias, Aikaterini-Panagiota Stouka",https://ieeexplore.ieee.org/stamp/stamp.jsp?tp=&arnumber=9230398,Lars_Brünjes_2020.pdf,,,,,
EuroS&P,2020,Saffire: Call-site-specific Function Specialization and Hardening against Code Reuse Attacks,"Shachee Mishra, Michalis Polychronakis",https://ieeexplore.ieee.org/stamp/stamp.jsp?tp=&arnumber=9230416,Shachee_Mishra_2020.pdf,,,,,
EuroS&P,2020,SecurePay: Strengthening Two-Factor Authentication for Arbitrary Transactions,"Radhesh Krishnan Konoth, Bjorn Fischer, Wan Fokkink, Elias Athanasopoulos, Kaveh Razavi, Herbert Bos",https://ieeexplore.ieee.org/stamp/stamp.jsp?tp=&arnumber=9230396,Radhesh_Konoth_2020.pdf,,,,,
EuroS&P,2020,"SoK: Delegation and Revocation, the Missing Links in the Web's Chain of Trust","Laurent Chuat, AbdelRahman Abdou, Ralf Sasse, Christoph Sprenger, David Basin, Adrian Perrig",https://ieeexplore.ieee.org/stamp/stamp.jsp?tp=&arnumber=9230363,Laurent_Chuat_2020.pdf,,,,,
EuroS&P,2020,A Pragmatic Approach to Membership Inferences on Machine Learning Models,"Yunhui Long, Lei Wang, Diyue Bu, Vincent Bindschaedler, Xiaofeng Wang, Haixu Tang, Carl A. Gunter, Kai Chen",https://ieeexplore.ieee.org/stamp/stamp.jsp?tp=&arnumber=9230385,Yunhui_Long_2020.pdf,,,,,
EuroS&P,2020,User Attitudes On Direct-to-Consumer Genetic Testing,"Debjani Saha, Anna Chan, Brook Stacy, Kiran Javkar, Sushant Patkar, Michelle L. Mazurek",https://ieeexplore.ieee.org/stamp/stamp.jsp?arnumber=9230401,Debjani_Saha_2020.pdf,,,,,
EuroS&P,2020,VGraph: A Robust Vulnerable Code Clone Detection System Using Code Property Triplets,"Benjamin Bowman, H. Howie Huang",https://ieeexplore.ieee.org/stamp/stamp.jsp?tp=&arnumber=9230372,Benjamin_Bowman_2020.pdf,,,,,
EuroS&P,2020,X-Men: A Mutation-Based Approach for the Formal Analysis of Security Ceremonies,"Diego Sempreboni, Luca Vigano",https://ieeexplore.ieee.org/stamp/stamp.jsp?tp=&arnumber=9230359,Diego_Sempreboni_2020.pdf,https://github.com/diegosempreboni/X-Men,200,,,
EuroS&P,2020,Zone Encryption with Anonymous Authentication for V2V Communication,"Jan Camenisch, Manu Drijvers, Anja Lehmann, Gregory Neven, Patrick Towa",https://ieeexplore.ieee.org/stamp/stamp.jsp?tp=&arnumber=9230364,Jan_Camenisch_2020.pdf,,,,,
EuroS&P,2021,"Aim, Wait, Shoot: How the CACHESNIPER Technique Improves Unprivileged Cache Attacks","Samira Briongos,Ida Bruhns,Pedro Malagón,Thomas Eisenbarth,José Moya",https://ieeexplore.ieee.org/stamp/stamp.jsp?tp=&arnumber=9581261,Samira_Briongos_2021.pdf,https://github.com/greenlsi/CacheSniper,200,,,
EuroS&P,2021,An Investigation of Online Reverse Engineering Community Discussions in the Context of Ghidra,"Daniel Votipka,Mary Nicole Punzalan,Seth M. Rabin,Yla Tausczik,Michelle L. Mazurek",https://ieeexplore.ieee.org/stamp/stamp.jsp?tp=&arnumber=9581211,Daniel_Votipka_2021.pdf,,,,,
EuroS&P,2021,ANDRUSPEX: Leveraging Graph Representation Learning to Predict Harmful App Installations on Mobile Devices,"Yun Shen,Gianluca Stringhini",https://csdl-downloads.ieeecomputer.org/proceedings/euros&p/2021/1491/00/149100a562.pdf?Expires=1707532347&Policy=eyJTdGF0ZW1lbnQiOlt7IlJlc291cmNlIjoiaHR0cHM6Ly9jc2RsLWRvd25sb2Fkcy5pZWVlY29tcHV0ZXIub3JnL3Byb2NlZWRpbmdzL2V1cm9zJnAvMjAyMS8xNDkxLzAwLzE0OTEwMGE1NjIucGRmIiwiQ29uZGl0aW9uIjp7IkRhdGVMZXNzVGhhbiI6eyJBV1M6RXBvY2hUaW1lIjoxNzA3NTMyMzQ3fX19XX0_&Signature=Y7WBIn0CRlcyWJCjXQusgR97vM1oGj~nr8-xwAg3C4nT8FJbfS4-lm4vRh6TYjQiajr1Wkq6uzy0nJf1uTHUXylJcV6vTRmV6vXNtOa-sqk2R5rM5PI3v8w1~Qcyt-XKy~2SBUBATqMCzVYx93wgjy9iHbow52F9wvHZ2eJFE5dgoaHT9rIf4hLYtjU~49BCqFwN4j6Gx6d-Jdro1tY5ZWbuoNyPZ7z82ikYCCryqsWV7rC6nt4YmA9mgop-~3CK0Bo2flyhw9PjDLXy7B-WYpmIMGQeUq9FkhZJdTY3dyRLu4i5LnnDwi1VC9XwUa~6N5yk3rjVfjfxIA7KZVHcQQ__&Key-Pair-Id=K12PMWTCQBDMDT,Yun_Shen_2021.pdf,,,,,
EuroS&P,2021,AppJitsu: Investigating the Resiliency of Android Applications,"Onur Zungur,Antonio Bianchi,Gianluca Stringhini,Manuel Egele",https://ieeexplore.ieee.org/stamp/stamp.jsp?tp=&arnumber=9581190,Onur_Zungur_2021.pdf,,,,,
EuroS&P,2021,BGPeek-a-Boo: Active BGP-based Traceback for Amplification DDoS Attacks,"Johannes Krupp,Christian Rossow",https://publications.cispa.saarland/3372/7/bgpeek-a-boo.pdf,Johannes_Krupp_2021.pdf,,,,,
EuroS&P,2021,Bullseye Polytope: A Scalable Clean-Label Poisoning Attack with Improved Transferability,"Hojjat Aghakhani,Dongyu Meng,Yu-Xiang Wang,Christopher Kruegel,Giovanni Vigna",https://ieeexplore.ieee.org/stamp/stamp.jsp?tp=&arnumber=9581207,Hojjat_Aghakhani_2021.pdf,https://github.com/ucsb-seclab/BullseyePoison,200,,,
EuroS&P,2021,Bypassing memory safety mechanisms through speculative control flow hijacks,"Andrea Mambrett,Alexandra Sandulescu,Alessandro Sorniotti,William Robertson,Engin Kirda,Anil Kurmus",https://seclab.nu/static/publications/eurosp2021_spear.pdf,Andrea_Mambrett_2021.pdf,,,,,
EuroS&P,2021,Can ISPs Help Mitigate IoT Malware? A Longitudinal Study of Broadband ISP Security Efforts,"Arman Noroozian,Elsa Turcios Rodriguez,Elmer Lastdrager,Takahiro Kasama,Michel van Eeten,Carlos H. Ganan",https://ieeexplore.ieee.org/stamp/stamp.jsp?tp=&arnumber=9581172,Arman_Noroozian_2021.pdf,,,,,
EuroS&P,2021,Compiler-Assisted Hardening of Embedded Software Against Interrupt Latency Side-Channel Attacks,"Hans Winderix,Jan Tobias Mühlberg,Frank Piessens",https://ieeexplore.ieee.org/stamp/stamp.jsp?tp=&arnumber=9581165,Hans_Winderix_2021.pdf,https://github.com/hanswinderix/sllvm,200,,,
EuroS&P,2021,Compression Boosts Differentially Private Federated Learning,"Raouf Kerkouche,Claude Castelluccia,Pierre Genevès,Gergely Ács",https://ieeexplore.ieee.org/stamp/stamp.jsp?arnumber=9581200,Raouf_Kerkouche_2021.pdf,,,,,
EuroS&P,2021,Countering Concurrent Login Attacks in “Just Tap” Push-based Authentication: A Redesign and Usability Evaluations,"Jay Prakash,Clarice Chua Qing Yu,Tanvi Ravindra Thombre,Andrei Bytes,Lucienne Blessing,Jianying Zhou,Tony Q. S Quek,Mohammed Jubur",https://ieeexplore.ieee.org/stamp/stamp.jsp?tp=&arnumber=9581191,Jay_Prakash_2021.pdf,,,,,
EuroS&P,2021,"D-Fence: A Flexible, Efficient, and Comprehensive Phishing Email Detection System","Jehyun Lee,Farren Tang,Pingxiao Ye,Fahim Abbasi,Phil Hay,Dinil Mon Divakaran",https://ieeexplore.ieee.org/stamp/stamp.jsp?tp=&arnumber=9581199,Jehyun_Lee_2021.pdf,,,,,
EuroS&P,2021,DY⋆: A Modular Symbolic Verification Framework for Executable Cryptographic Protocol Code,"Karthikeyan Bhargavan,Abhishek Bichhawat,Quoc Huy Do,Pedram Hosseyni,Ralf Küsters,Guido Schmitz,Tim Würtele",https://ieeexplore.ieee.org/stamp/stamp.jsp?tp=&arnumber=9581188,Karthikeyan_Bhargavan_2021.pdf,https://github.com/REPROSEC/dolev-yao-star,200,,,
EuroS&P,2021,Ephemeral Astroturfing Attacks: The Case of Fake Twitter Trends,"Tuğrulcan Elmas,Rebekah Overdorf,Ahmed Furkan Özkalay,Karl Aberer",https://ieeexplore.ieee.org/stamp/stamp.jsp?arnumber=9581221,Tugrulcan_Elmas_2021.pdf,https://github.com/tugrulz/EphemeralAstroturfing,200,,,
EuroS&P,2021,Extractor: Extracting Attack Behavior from Threat Reports,"Kiavash Satvat,Rigel Gjomemo,V.N. Venkatakrishnan",https://arxiv.org/pdf/2104.08618.pdf,Kiavash_Savat_2021.pdf,https://github.com/ksatvat/Extractor,200,,,
EuroS&P,2021,Fall of Giants: How popular text-based MLaaS fall against a simple evasion attack,"Luca Pajola,Mauro Conti",https://ieeexplore.ieee.org/stamp/stamp.jsp?arnumber=9581208,Luca_Pajola_2021.pdf,https://github.com/pajola/ZeW,200,,,
EuroS&P,2021,FastSpec: Scalable Generation and Detection of Spectre Gadgets Using Neural Embeddings,"M. Caner Tol,Berk Gulmezoglu,Koray Yurtseven,Berk Sunar",https://ieeexplore.ieee.org/stamp/stamp.jsp?arnumber=9581258,Caner_Tol_2021.pdf,https://github.com/vernamlab/FastSpec,200,,,
EuroS&P,2021,Fully Distributed Verifiable Random Functions and their Application to Decentralised Random Beacons,"David Galindo,Jia Liu,Mihair Ordean,Jin-Mann Wong",https://ieeexplore.ieee.org/stamp/stamp.jsp?tp=&arnumber=9581233,David_Galindo_2021.pdf,,,,,
EuroS&P,2021,Nonce@Once: A Single-Trace EM Side Channel Attack on Several Constant-Time Elliptic Curve Implementations in Mobile Platforms,"Monjur Alam,Baki Yilmaz,Frank Werner,Niels Samwel,Alenka Zajic,Daniel Genkin,Yuval Yarom,Milos Prvulovic",https://ieeexplore.ieee.org/stamp/stamp.jsp?tp=&arnumber=9581247,Monjur_Alam_2021.pdf,,,,,
EuroS&P,2021,NoVT: Eliminating C++ Virtual Calls to Mitigate Vtable Hijacking,"Markus Bauer,Christian Rossow",https://ieeexplore.ieee.org/stamp/stamp.jsp?tp=&arnumber=9581255,Markus_Bauer_2021.pdf,https://github.com/novt-vtable-less-compiler/novt-llvm,200,,,
EuroS&P,2021,On the (In)Feasibility of Attribute Inference Attacks on Machine Learning Models,"Benjamin Zi Hao Zhao,Aviral Agrawal,Catisha Coburn,Hassan Jameel Asghar,Raghav Bhaskar,Mohamed Ali Kaafar,Darren Webb,Peter Dickinson",https://ieeexplore.ieee.org/stamp/stamp.jsp?arnumber=9581166,Aviral_Agrawal_2021.pdf,,,,,
EuroS&P,2021,On the Privacy Risks of Algorithmic Fairness,"Hongyan Chang,Reza Shokri",https://www.ftc.gov/system/files/documents/public_events/1582978/on_the_privacy_risks_of_algorithmic_fairness.pdf,Hongyan_Chang_2021.pdf,,,,,
EuroS&P,2021,Press @$@$ to Login: Strong Wearable Second Factor Authentication via Short Memorywise Effortless Typing Gestures,"Prakash Shrestha,Nitesh Saxena,Diksha Shukla,Vir V. Phoha",https://ieeexplore.ieee.org/stamp/stamp.jsp?tp=&arnumber=9581202,Prakash_Shrestha_2021.pdf,,,,,
EuroS&P,2021,Privacy of DNS-over-HTTPS: Requiem for a Dream?,"Levente Csikor,Himanshu Singh,Min Suk Kang,Dinil Mon Divakaran",https://ieeexplore.ieee.org/stamp/stamp.jsp?tp=&arnumber=9581227,Levente_Csikor_2021.pdf,,,,,
EuroS&P,2021,Prognosis Negative: Evaluating Real-Time Behavioral Ransomware Detectors,"Abhinav Gupta,Aditi Prakash,Nolen Scaife",https://ieeexplore.ieee.org/stamp/stamp.jsp?tp=&arnumber=9581177,Abhinav_Gupta_2021.pdf,,,,,
EuroS&P,2021,Secure Messaging Authentication against Active Man-in-the-Middle Attacks,"Benjamin Dowling,Britta Hale",https://ieeexplore.ieee.org/stamp/stamp.jsp?tp=&arnumber=9581268,Benjamin_Dowlig_2021.pdf,,,,,
EuroS&P,2021,SoK: A Framework for Asset Discovery: Systematizing Advances in Network Measurements for Protecting Organizations,"Mathew Vermeer,Jonathan West,Alejandro Cuevas,Shuonan Niu,Nicolas Christin,Michel Van Eeten,Tobias Fiebig,Carlos Gañán,Tyer Moore",https://ieeexplore.ieee.org/stamp/stamp.jsp?tp=&arnumber=9581231,Mathew_Vermeer_2021.pdf,,,,,
EuroS&P,2021,Sok: Attacks on Industrial Control Logic and Formal Verification-Based Defenses,"Ruimin Sun,Alejandro Mera,Long Lu,David Choffnes",https://www.ruiminsun.com/static/media/sok_preprint.a72f9b78a40d6c66420f.pdf,Ruimin_Sun_2021.pdf,,,,,
EuroS&P,2021,SoK: Context Sensing for Access Control in the Adversarial Home IoT,"Weijia He,Valerie Zhao,Olivia Morkved,Sabeeka Siddiqui,Earlence Fernandes,Josiah Hester,Blase Ur",https://ieeexplore.ieee.org/stamp/stamp.jsp?tp=&arnumber=9581254,Weijia_He_2021.pdf,https://github.com/UChicagoSUPERgroup/eurosp21,200,,,
EuroS&P,2021,SoK: Cryptojacking Malware,"Ege Tekiner,Abbas Acar,A. Selcuk Uluagac,Engin Kirda,Ali Aydin Selcuk",https://ieeexplore.ieee.org/stamp/stamp.jsp?tp=&arnumber=9581251,Ege_Tekiner_2021.pdf,https://github.com/sokcryptojacking/SoK,200,,,
EuroS&P,2021,SoK: In Search of Lost Time: A Review of JavaScript Timers in Browsers,"Thomas Rokicki,Clémentine Maurice,Pierre Laperdrix",https://ieeexplore.ieee.org/stamp/stamp.jsp?tp=&arnumber=9581218,Thomas_Rokicki_2021.pdf,https://github.com/thomasrokicki/in-search-of-lost-time,200,,,
EuroS&P,2021,SoK: Secure FPGA Multi-Tenancy in the Cloud: Challenges and Opportunities,"Ghada Dessouky,Ahmad-Reza Sadeghi,Shaza Zeitouni",https://ieeexplore.ieee.org/stamp/stamp.jsp?tp=&arnumber=9581180,Ghada_Dessouky_2021.pdf,,,,,
EuroS&P,2021,Sponge Examples: Energy-Latency Attacks on Neural Networks,"Ilia Shumailov,Yiren Zhao,Daniel Bates,Nicolas Papernot,Robert Mullins,Ross Anderson",https://ieeexplore.ieee.org/stamp/stamp.jsp?tp=&arnumber=9581273,Ilia_Shumailov_2021.pdf,https://github.com/iliaishacked/sponge_examples,200,,,
EuroS&P,2021,Trojaning Language Models for Fun and Profit,"Xinyang Zhang,Zheng Zhang,Shouling Ji,Ting Wang",https://ieeexplore.ieee.org/stamp/stamp.jsp?arnumber=9581257,Xinyang_Zhang_2021.pdf,https://github.com/alps-lab/trojan-lm,200,,,
EuroS&P,2021,We Built This Circuit: Exploring Threat Vectors in Circuit Establishment in Tor,"Theodor Schnitzler,Christina Pöpper,Markus Dürmuth,Katharina Kohls",https://ieeexplore.ieee.org/stamp/stamp.jsp?tp=&arnumber=9581198,Theodor_Schnitzler_2021.pdf,,,,,
EuroS&P,2022,Unrolling SGD: Understanding Factors Influencing Machine Unlearning,"Anvith Thudi, Gabriel Deza, Varun Chandrasekaran, Nicolas Papernot",https://www.computer.org/csdl/pds/api/csdl/proceedings/download-article/1ErpDNietvW/pdf,Anvith_Thudi_2022.pdf,https://github.com/cleverhans-lab/unrolling-sgd,200,,,
EuroS&P,2022,"Difficult for Thee, But Not for Me: Measuring the Difficulty and User Experience of Remediating Persistent IoT Malware","Elsa Rodriguez, Max Fukkink, Simon Parkin, Michel van Eeten, Carlos Gan√°n",https://www.computer.org/csdl/pds/api/csdl/proceedings/download-article/1ErpGp7zOco/pdf,Elsa_Rodriguez_2022.pdf,,,,,
EuroS&P,2022,Trampoline Over the Air: Breaking in IoT Devices Through MQTT Brokers,"Huikai Xu, Miao Yu, Yanhao Wang, Yue Liu, Qinsheng Hou, Zhenbang Ma, Haixin Duan, Jianwei Zhuge, Baojun Liu",https://ieeexplore.ieee.org/stamp/stamp.jsp?tp=&arnumber=9797386,Huikai_Xu_2022.pdf,https://github.com/ReAbout/ShadowFuzzer,200,,,
EuroS&P,2022,"Lightweight, Multi-Stage, Compiler-Assisted Application Specialization","Mohannad Alhanahnah, Rithik Jain, Vaibhav Rastogi, Somesh Jha, Thomas Reps",https://www.computer.org/csdl/pds/api/csdl/proceedings/download-article/1ErpBUm45c4/pdf,Mohannad_Alhanahnah_2022.pdf,https://github.com/Mohannadcse/LMCAS_Demo,200,,,
EuroS&P,2022,Dynamic Backdoor Attacks Against Machine Learning Models,"Ahmed Salem, Rui Wen, Michael Backes, Shiqing Ma, Yang Zhang",https://ieeexplore.ieee.org/iel7/9797336/9797337/09797338.pdf,Ahmed_Salem_2022.pdf,https://github.com/AhmedSalem2/Dynamic-Backdoor,200,,,
EuroS&P,2022,Fuzzing with Data Dependency Information,"Alessandro Mantovani, Andrea Fioraldi, Davide Balzarotti",https://www.computer.org/csdl/pds/api/csdl/proceedings/download-article/1ErpD06wc0M/pdf,Alessandro_Mantovani_2022.pdf,https://github.com/elManto/DDFuzz,200,,,
EuroS&P,2022,Lethe: Practical Data Breach Detection with Zero Persistent Secret State,"Antreas Dionysiou, Elias Athanasopoulos",https://ieeexplore.ieee.org/stamp/stamp.jsp?tp=&arnumber=9797372,Antreas_Dionysiou_2022.pdf,https://bitbucket.org/srecgrp/lethe-public/src/master/,200,,,
EuroS&P,2022,We Can Make Mistakes: Fault-tolerant Forward Private Verifiable Dynamic Searchable Symmetric Encryption,"Dandan Yuan, Shujie Cui, Giovanni Russello",https://www.computer.org/csdl/pds/api/csdl/proceedings/download-article/1ErpEIHKkCY/pdf,Dandan_Yuan_2022.pdf,https://github.com/someoneapp/VDSSE_Schemes,200,,,
EuroS&P,2022,Hide and Seek: Revisiting DNS-based User Tracking,"Deliang Chang, Joann Qiongna Chen, Zhou Li, Xing Li",https://www.computer.org/csdl/pds/api/csdl/proceedings/download-article/1ErpF79NUly/pdf,Deliang_Chang_2022.pdf,https://github.com/dl-chang/ldpresolve,200,,,
EuroS&P,2022,SoK: Privacy-Preserving Computing in the Blockchain Era,"Ghada Almashaqbeh, Ravital Solomon",https://ieeexplore.ieee.org/stamp/stamp.jsp?arnumber=9797340,Ghada_Almashaqbeh_2022.pdf,,,,,
EuroS&P,2022,SoK: The Impact of Unlabelled Data in Cyberthreat Detection,"Giovanni Apruzzese, Pavel Laskov, Aliya Tastemirova",https://www.computer.org/csdl/pds/api/csdl/proceedings/download-article/1ErpEYKVYFa/pdf,Giovanni_Apruzzese_2022.pdf,https://github.com/hihey54/CEF-SsL,200,,,
EuroS&P,2022,ILLUMINATI: Towards Explaining Graph Neural Networks for Cybersecurity Analysis,"Haoyu He, Yuede Ji, H. Howie Huang",https://ieeexplore.ieee.org/stamp/stamp.jsp?tp=&arnumber=9797387,Haoyu_He_2022.pdf,https://github.com/iHeartGraph/Illuminati,200,,,
EuroS&P,2022,Captcha me if you can: Imitation Games with Reinforcement Learning,"Ilias Tsingenopoulos, Davy Preuveneers, Lieven Desmet, Wouter Joosen",https://ieeexplore.ieee.org/stamp/stamp.jsp?tp=&arnumber=9797367,Ilias_Tsingenopoulos_2022.pdf,,,,,
EuroS&P,2022,WatchAuth: User Authentication and Intent Recognition in Mobile Payments using a Smartwatch,"Jack Sturgess, Simon Eberz, Ivo Sluganovic, Ivan Martinovic",https://ieeexplore.ieee.org/stamp/stamp.jsp?tp=&arnumber=9797370,Jack_Sturgess_2022.pdf,https://github.com/jacksturgess/watchauth,200,,,
EuroS&P,2022,SIERRA: Ranking Anomalous Activities in Enterprise Networks,"Jehyun Lee, Farren Tang, Phyo May Thet, Desmond Yeoh, Mitch Rybczynski, Dinil Mon Divakaran",https://ieeexplore.ieee.org/iel7/9797336/9797337/09797374.pdf,Jehyun_Lee_2022.pdf,,,,,
EuroS&P,2022,HARM: Hardware-Assisted Continuous Re-randomization for Microcontrollers,"Jiameng Shi, Le Guan, Wenqiang Li, Dayou Zhang, Ping Chen, Ning Zhang",https://www.computer.org/csdl/pds/api/csdl/proceedings/download-article/1ErpGQnV5MA/pdf,Jiameng_Shi_2022.pdf,https://github.com/MCUSec/HARM,200,,,
EuroS&P,2022,DNN Model Architecture Fingerprinting Attack on CPU-GPU Edge Devices,"Kartik Patwari, Syed Mahbub Hafiz, Han Wang, Houman Homayoun, Zubair Shafiq, Chen-Nee Chuah",https://ieeexplore.ieee.org/stamp/stamp.jsp?tp=&arnumber=9797366,Kartik_Patwari_2022.pdf,,,,,
EuroS&P,2022,HyperLogLog: Exponentially Bad in Adversarial Settings,"Kenneth G. Paterson, Mathilde Raynal",https://www.computer.org/csdl/pds/api/csdl/proceedings/download-article/1ErpDVwBfnW/pdf,Kenneth_Paterson_2022.pdf,https://github.com/PizzaWhisperer/HLLVuln,200,,,
EuroS&P,2022,Modelling direct messaging networks with multiple recipients for cyber deception,"Kristen Moore, Cody James Christopher, David Liebowitz, Surya Nepal, Renee Selvey",https://ieeexplore.ieee.org/stamp/stamp.jsp?tp=&arnumber=9797379,Kristen_Moore_2022.pdf,https://bitbucket.csiro.au/projects/DECAAS/repos/emailgen/browse,200,,,
EuroS&P,2022,xTag: Mitigating Use-After-Free Vulnerabilities via Software-Based Pointer Tagging on Intel x86-64,"Lukas Bernhard, Michael Rodler, Thorsten Holz, Lucas Davi",https://www.computer.org/csdl/pds/api/csdl/proceedings/download-article/1ErpGx9JPtC/pdf,Lukas_Bernhard_2022.pdf,https://github.com/rub-syssec/xTag,200,,,
EuroS&P,2022,Compositional Information Flow Monitoring for Reactive Programs,"McKenna McCall, Abhishek Bichhawat, Limin Jia",https://ieeexplore.ieee.org/stamp/stamp.jsp?tp=&arnumber=9797384,McKenna_McCall_2022.pdf,https://github.com/CompIFC/comp-model/releases/tag/eurosp22,200,,,
EuroS&P,2022,aaeCAPTCHA: The Design and Implementation of Audio Adversarial CAPTCHA,"Md Imran Hossen, Xiali Hei",https://www.computer.org/csdl/pds/api/csdl/proceedings/download-article/1ErpCSJepsQ/pdf,Md_Hossen_2022.pdf,https://github.com/i-hossen/aaeCaptcha,200,,,
EuroS&P,2022,LockedDown: Exploiting Contention on Host-GPU PCIe Bus for Fun and Profit,"Mert Side, Fan Yao, Zhenkai Zhang",https://ieeexplore.ieee.org/stamp/stamp.jsp?tp=&arnumber=9797371,Mert_Side_2022.pdf,https://github.com/mertside/lockeddown,200,,,
EuroS&P,2022,SAUSAGE: Security Analysis of Unix domain Socket usAGE in Android,"Mounir Elgharabawy, Blas Kojusner, Mohammad Mannan, Kevin R. B. Butler, Byron Williams, Amr Youssef",https://www.computer.org/csdl/pds/api/csdl/proceedings/download-article/1ErpHykl4dO/pdf,Mounir_Elgharabawy_2022.pdf,https://github.com/mounir-khaled/SAUSAGE,200,,,
EuroS&P,2022,"TrojanZoo: Towards Unified, Holistic, and Practical Evaluation of Neural","Ren Pang, Zheng Zhang, Xiangshan Gao, Zhaohan Xi, Shouling Ji, Peng Cheng, Xiapu Luo, Ting Wang",https://ieeexplore.ieee.org/stamp/stamp.jsp?arnumber=9797345,Ren_Pang_2022.pdf,https://github.com/ain-soph/trojanzoo,200,,,
EuroS&P,2022,GRAPHITE: Generating Automatic Physical Examples for Machine-Learning Attacks on Computer Vision Systems,"Ryan Feng, Neal Mangaokar, Jiefeng Chen, Earlence Fernandes, Somesh Jha, Atul Prakash",https://ieeexplore.ieee.org/stamp/stamp.jsp?arnumber=9797381,Ryan_Feng_2022.pdf,https://github.com/ryan-feng/GRAPHITE,200,,,
EuroS&P,2022,Signature Correction Attack on Dilithium Signature Scheme,"Saad Islam, Koksal Mus, Richa Singh, Patrick Schaumont, Berk Sunar",https://ieeexplore.ieee.org/stamp/stamp.jsp?tp=&arnumber=9797351,Saad_Islam_2022.pdf,https://github.com/vernamlab/SignatureCorrection,200,,,
EuroS&P,2022,SoK: Cryptanalysis of Encrypted Search with LEAKER ‚Äì A framework for LEakage AttacK Evaluation on Real-world data,"Seny Kamara, Abdelkarim Kati, Tarik Moataz, Thomas Schneider, Amos Treiber, Michael Yonli",https://www.computer.org/csdl/pds/api/csdl/proceedings/download-article/1ErpFG1Uw6Y/pdf,Seny_Kamara_2022.pdf,https://encrypto.de/code/LEAKER,200,,,
EuroS&P,2022,SoK: Oblivious Pseudorandom Functions,"S√≠lvia Casacuberta, Julia Hesse, Anja Lehmann",https://ieeexplore.ieee.org/stamp/stamp.jsp?tp=&arnumber=9797365,Silvia_Casacuberta_2022.pdf,,,,,
EuroS&P,2022,Transformer-based Extraction of Deep Image Models,"Verena Battis, Alexander Penner",https://ieeexplore.ieee.org/stamp/stamp.jsp?tp=&arnumber=9797343,Verena_Battis_2022.pdf,https://github.com/Fraunhofer-SIT/ModExTransformer,200,,,
EuroS&P,2022,Investigating Graph Embedding Methods for Cross-Platform Binary Code Similarity Detection,"Victor Cochard, Damian Pfammatter, Chi Thang Duong, Mathias Humbert",https://ieeexplore.ieee.org/stamp/stamp.jsp?tp=&arnumber=9797388,Victor_Cochard_2022.pdf,https://github.com/GESS-code/GESS,200,,,
EuroS&P,2023,Act natural!': Exchanging Private Messages on Public Blockchains,"Thore Tiemann,Sebastian Berndt,Thomas Eisenbarth,Maciej Liskiewicz",https://ieeexplore.ieee.org/stamp/stamp.jsp?arnumber=10190519&casa_token=3pXim8Bl9gkAAAAA:itpSB6lv7DkFYly8GiH5Zb0AQr1lMrBXs-mQ-ZGdlhr2EShKROG61758vlmcBm4vbm5ym_ab,Thore_Tiemann_2023.pdf,https://github.com/UzL-ITS/act-natural,200,,,
EuroS&P,2023,A Certified Radius-Guided Attack Framework to Image Segmentation Models,"Wenjie Qu,Youqi Li,Binghui Wang",https://arxiv.org/pdf/2304.02693.pdf,Wenjie_Qu_2023.pdf,,,,,
EuroS&P,2023,Provable Adversarial Safety in Cyber-Physical Systems,"Mohamed Maghenem,John H. Castellanos,Alvaro A. Cardenas,Ricardo G. Sanfelice,Jianying Zhou",https://ieeexplore.ieee.org/stamp/stamp.jsp?arnumber=10190512,Mohamed_Maghenem_2023.pdf,https://gitlab.com/jhcastel/provable-adversarial-safety-in-cps,200,,,
EuroS&P,2023,A Generic Obfuscation Framework for Preventing ML-Attacks on Strong-PUFs through Exploitation of DRAM-PUFs,"Owen Millwood,Meltem Kurt Pehlivanoğlu,Jack Miskelly,Aryan Mohammadi Pasikhani,Prosanta Gope,Elif Bilge Kavun",https://ieeexplore.ieee.org/stamp/stamp.jsp?arnumber=10190495,Owen_Milwood_2023.pdf,https://drive.google.com/drive/folders/1ZWgkjkicVNUYB3cRUnfV0mOxvZhOyLHz,404,https://drive.google.com/drive/folders/1vX3hmSbrfRYaAYfvFQZt0fau1juCQYhU,,
EuroS&P,2023,Active Countermeasures for Email Fraud,"Wentao Chen,Fuzhou Wang,Matthew Edwards",https://ieeexplore.ieee.org/stamp/stamp.jsp?arnumber=10190490,Wentao_Chen_2023.pdf,https://github.com/scambaitermailbox/conversations/tree/concurrent,200,,,
EuroS&P,2023,An Unbiased Transformer Source Code Learning with Semantic Vulnerability Graph,"Nafis Tanveer Islam,Gonzalo De La Torre Parra,Dylan Manuel,Elias Bou-Harb,Peyman Najafirad",https://arxiv.org/pdf/2304.11072.pdf,Nafis_Islam_2023.pdf,https://github.com/pial08/SemVulDet,200,,,
EuroS&P,2023,"Android, notify me when it is time to go phishing","Antonio Ruggia,Andrea Possemato,Alessio Merlo,Dario Nisi,Simone Aonzo",https://hal.science/hal-04017843v1/preview/eurosp23_inotify.pdf,Antonio_Ruggia_2023.pdf,,,,,
EuroS&P,2023,Anomaly-based Filtering of Application-Layer DDoS Against DNS Authoritatives,"Jonas Bushart,Christian Rossow",https://publications.cispa.saarland/3925/1/dns-applayer-ddos-protection.pdf,Jonas_Bushart_2023.pdf,https://github.com/cispa/DNS-Applayer-DDoS-Protection/,200,https://github.com/cispa/DNS-Applayer-DDoS-Protection/tree/main/datasets,,
EuroS&P,2023,AoT - Attack on Things: A security analysis of IoT firmware updates,"Muhammad Ibrahim,Andrea Continella,Antonio Bianchi",https://ris.utwente.nl/ws/files/303815289/main.pdf,Muhammad_Ibrahim_2023.pdf,,,,,
EuroS&P,2023,Asynchronous Remote Key Generation for Post-Quantum Cryptosystems from Lattices,"Nick Frymann,Daniel Gardham,Mark Manulis",https://eprint.iacr.org/2023/419.pdf,Nick_Frymann_2023.pdf,https://anonymous.4open.science/status/larkg,200,,,
EuroS&P,2023,Automatic verification of transparency protocols,"Vincent Cheval,Jose Moreira,Mark Ryan",https://ieeexplore.ieee.org/stamp/stamp.jsp?arnumber=10190509,Vincent_Cheval_2023.pdf,,,,,
EuroS&P,2023,Been here already? Detecting Synchronized Browsers in the Wild,"Pantelina Ioannou,Elias Athanasopoulos",https://ieeexplore.ieee.org/stamp/stamp.jsp?arnumber=10190548,Pantelina_Ioannou_2023.pdf,https://bitbucket.org/srecgrp/synced_browsers_public/,404,,,
EuroS&P,2023,Careful with MAc-then-SIGn: A Computational Analysis of the EDHOC Lightweight Authenticated Key Exchange Protocol,"Felix Gunther,Marc Ilunga Tshibumbu Mukendi",https://ieeexplore.ieee.org/stamp/stamp.jsp?arnumber=10190480,Felix_Gunther_2023.pdf,,,,,
EuroS&P,2023,Certifiably Vulnerable: Using Certificate Transparency Logs for Target Reconnaissance,"Stijn Pletinckx,Thanh-Dat Nguyen,Tobias Fiebig,Christopher Kruegel,Giovanni Vigna",https://pure.mpg.de/rest/items/item_3505628/component/file_3505629/content,Stijn_Pletinckx_2023.pdf,,,,,
EuroS&P,2023,CHERI-TrEE: Flexible enclaves on capability machines,"Thomas Van Strydonck,Job Noorman,Jennifer Jackson,Leonardo Alves Dias,Robin Vanderstraeten,David Oswald,Frank Piessens,Dominique Devriese",https://ieeexplore.ieee.org/stamp/stamp.jsp?arnumber=10190507,Thomas_Strydonck_2023.pdf,https://github.com/proteus-core/cheritree,200,,,
EuroS&P,2023,Chrowned by an Extension: Exploiting the Chrome DevTools Protocol,"José Miguel Moreno,Narseo Vallina-Rodriguez,Juan Tapiador",https://ieeexplore.ieee.org/stamp/stamp.jsp?arnumber=10190532,Jose_Moreno_2023.pdf,https://github.com/josemmo/chrowned,200,,,
EuroS&P,2023,Code Vulnerability Detection via Signal-Aware AI,"Sahil Suneja,Yufan Zhuang,Yunhui Zheng,Jim Laredo,Alessandro Morari,Udayan Khurana",https://ieeexplore.ieee.org/stamp/stamp.jsp?arnumber=10190513,Sahil_Suneja_2023.pdf,,,,,
EuroS&P,2023,CommiTEE: An Efficient and Secure Commit-Chain Protocol using TEEs,"Andreas Erwig,Sebastian Faust,Siavash Riahi,Tobias Stockert",https://ieeexplore.ieee.org/stamp/stamp.jsp?arnumber=10190526,Andreas_Erwig_2023.pdf,,,,,
EuroS&P,2023,Comprehensively Analyzing the Impact of Cyberattacks on Power Grids,"Lennart Bader,Martin Serror,Olav Lamberts,Ömer Sen,Dennis van der Velde,Immanuel Hacker,Julian Filter,Elmar Padilla,Martin Henze",https://arxiv.org/pdf/2305.09390.pdf,Lennart_Bader_2023.pdf,https://github.com/fkie-cad/wattson,200,https://github.com/fkie-cad/wattson/blob/master/scenarios/powerowl_example/data-points.yml,,
EuroS&P,2023,Coverage and Secure Use Analysis of Content Security Policies via Clustering,"Mengxia Ren,Chuan Yue",https://ieeexplore.ieee.org/stamp/stamp.jsp?arnumber=10190533,Mengxia_Ren_2023.pdf,https://github.com/mengxiaren2024/CSP_via_Clustering.git,200,https://doi.org/10.5281/zenodo.7689263,,
EuroS&P,2023,DarkDialogs: Automated detection of 10 dark patterns on cookie dialogs,"Daniel Kirkman,Kami Vaniea,Daniel W Woods",https://www.danielwoods.info/assets/pdf/KVW_DarkDialogs_EuroSnP.pdf,Daniel_Krikman_2023.pdf,https://github.com/DarkDialogs/OpenScience,200,https://datashare.ed.ac.uk/handle/10283/4453,,
EuroS&P,2023,EF/CF: High Performance Smart Contract Fuzzing for Exploit Generation,"Michael Rodler,David Paaßen,Wenting Li,Lukas Bernhard,Thorsten Holz,Ghassan Karame,Lucas Davi",https://arxiv.org/pdf/2304.06341.pdf,Michael_Rodler_2023.pdf,https://github.com/uni-due-syssec/efcf-framework/,200,https://github.com/uni-due-syssec/efcf-framework/tree/main/data,,
EuroS&P,2023,Exploring Smart Commercial Building Occupants' PerYou Cannot Always Win the Race: Analyzing mitigations for branch target prediction attacksceptions and Notification Preferences of Internet of Things Data Collection in the United States,"Tu Le,Alan Wang,Yaxing Yao,Yuanyuan Feng,Arsalan Heydarian,Norman Sadeh, Yuan Tian",https://arxiv.org/pdf/2303.04955.pdf,Tu_Le_2023.pdf,,,,,
EuroS&P,2023,faulTPM: Exposing AMD fTPMs’ Deepest Secrets,"Hans Niklas Jacob,Christian Werling,Robert Buhren,Jean-Pierre Seifert",https://arxiv.org/pdf/2304.14717.pdf,Hans_Jacob_2023.pdf,,,,,
EuroS&P,2023,Finding Fixed Vulnerabilities with Off-the-Shelf Static Analysis,"Trevor Dunlap,Seaver Thorn,William Enck,Bradley Reaves",https://ieeexplore.ieee.org/stamp/stamp.jsp?arnumber=10190493,Trevor_Dunlap_2023.pdf,https://github.com/s3c2/daa,200,https://github.com/s3c2/daa/tree/master/data,,
EuroS&P,2023,Forward Pass: On the Security Implications of Email Forwarding Mechanism and Policy,"Enze Liu,Gautam Akiwate,Mattijs Jonker,Ariana Mirian,Grant Ho,Geoffrey M. Voelker,Stefan Savage",https://arxiv.org/pdf/2302.07287.pdf,Enze_Liu_2023.pdf,,,,,
EuroS&P,2023,You Cannot Always Win the Race: Analyzing mitigations for branch target prediction attacks,"Alyssa Milburn,Ke Sun,Henrique Kawakami",https://ieeexplore.ieee.org/stamp/stamp.jsp?arnumber=10190478,Alyssa_Milburn_2023.pdf,https://github.com/IntelSTORMteam/win-the-race,404,,,
EuroS&P,2023,Towards Fine-Grained Localization of Privacy Behaviors,"Vijayanta Jain,Sepideh Ghanavati,Sai Teja Peddinti,Collin McMillan",https://arxiv.org/pdf/2305.15314.pdf,Vijayanta_Jain_2023.pdf,https://github.com/PERC-Lab/Fine_Grained_Localization,200,https://github.com/PERC-Lab/Fine_Grained_Localization/tree/main/dataset,,
EuroS&P,2023,SoK: Data Sovereignty,"Jens Ernstberger,Jan Lauinger,Fatima Elsheimy,Liyi Zhou,Sebastian Steinhorst,Arthur Gervais,Dawn Song",https://eprint.iacr.org/2023/967.pdf,Jens_Ernstberger_2023.pdf,,,,,
EuroS&P,2023,Conjunctive Searchable Symmetric Encryption from Hard Lattices,"Debadrita Talapatra,Sikhar Patranabis,Debdeep Mukhopadhyay",https://eprint.iacr.org/2023/872.pdf,Debadrita_Talapatra_2023.pdf,,,,,
EuroS&P,2023,Recurring Contingent Service Payment,"Aydin Abadi,Steven J. Murdoch,Thomas Zacharias",https://ieeexplore.ieee.org/stamp/stamp.jsp?arnumber=10190500,Aydin_Abadi_2023.pdf,https://github.com/AydinAbadi/RC-S-P/tree/main,200,,,
EuroS&P,2023,Revelio: A Network-Level Attack Against the Privacy in the Lightning Network,"Theo von Arx,Muoi Tran,Laurent Vanbever",https://muoitran.com/publications/revelio.pdf,Theo_Arx_2023.pdf,,,,,
EuroS&P,2023,SMART Credentials in the Multi-queue of Slackness (or Secure Management of Anonymous Reputation Traits without Global Halting),"Jack P. K. Ma,Sherman S. M. Chow",https://ieeexplore.ieee.org/stamp/stamp.jsp?arnumber=10190534,Jack_Ma_2023.pdf,,,,,
EuroS&P,2023,smartFHE: Privacy-Preserving Smart Contracts from Fully Homomorphic Encryption,"Ravital Solomon,Rick Weber,Ghada Almashaqbeh",https://ieeexplore.ieee.org/stamp/stamp.jsp?arnumber=10190530,Ravital_Solomon_2023.pdf,,,,,